epochs,iter,train_acc_history,train_auc_history,train_loss_history,train_sensitivity_history,train_specificity_history,val_acc_history,val_auc_history,val_loss_history,val_sensitivity_history,val_specificity_history,backbone,Usando OCT,Dual Image,optim,lr,frac_val,k_fold,model_id
1,1,0.6955074875207987,0.560770164739645,354.87326741218567,0.25748502994011974,0.8640552995391705,0.713375796178344,0.5363298080689385,89.31517744064331,0.10869565217391304,0.963963963963964,regnet,Não,Não,adam,0.0001,0.2,,c2ef117896af4deaaaa9ff1e92a8e5b4
2,1,0.7554076539101497,0.6096125720908414,301.73642632365227,0.281437125748503,0.9377880184331797,0.7261146496815287,0.6089894242068156,84.62500810623169,0.32608695652173914,0.8918918918918919,regnet,Não,Não,adam,0.0001,0.2,,c2ef117896af4deaaaa9ff1e92a8e5b4
3,1,0.778702163061564,0.646002925025525,277.3662110567093,0.3473053892215569,0.9447004608294931,0.7388535031847134,0.5989032510771641,86.03221541643143,0.2608695652173913,0.9369369369369369,regnet,Não,Não,adam,0.0001,0.2,,c2ef117896af4deaaaa9ff1e92a8e5b4
4,1,0.8086522462562397,0.7146306465410193,257.6490707695484,0.5029940119760479,0.9262672811059908,0.7770700636942676,0.6768507638072855,91.7830258011818,0.43478260869565216,0.918918918918919,regnet,Não,Não,adam,0.0001,0.2,,c2ef117896af4deaaaa9ff1e92a8e5b4
5,1,0.8286189683860233,0.7413490990369491,239.15950924158096,0.5449101796407185,0.9377880184331797,0.7579617834394905,0.6378770074422248,93.56784230470657,0.34782608695652173,0.9279279279279279,regnet,Não,Não,adam,0.0001,0.2,,c2ef117896af4deaaaa9ff1e92a8e5b4
6,1,0.8252911813643927,0.7372030133281824,229.82044234871864,0.5389221556886228,0.9354838709677419,0.7834394904458599,0.6877203290246768,78.49008244276047,0.45652173913043476,0.918918918918919,regnet,Não,Não,adam,0.0001,0.2,,c2ef117896af4deaaaa9ff1e92a8e5b4
7,1,0.8435940099833611,0.7811887745246834,225.35276015102863,0.6407185628742516,0.9216589861751152,0.7898089171974523,0.6731296513905209,85.6998599767685,0.391304347826087,0.954954954954955,regnet,Não,Não,adam,0.0001,0.2,,c2ef117896af4deaaaa9ff1e92a8e5b4
8,1,0.8435940099833611,0.7738210215513673,209.55460053682327,0.6167664670658682,0.9308755760368663,0.7707006369426752,0.6659811985898942,98.76176661252975,0.41304347826086957,0.918918918918919,regnet,Não,Não,adam,0.0001,0.2,,c2ef117896af4deaaaa9ff1e92a8e5b4
9,1,0.8618968386023295,0.7975454620712493,197.04652181267738,0.6526946107784432,0.9423963133640553,0.7579617834394905,0.7015276145710928,83.37992015480995,0.5652173913043478,0.8378378378378378,regnet,Não,Não,adam,0.0001,0.2,,c2ef117896af4deaaaa9ff1e92a8e5b4
10,1,0.8685524126455907,0.8076795717321118,187.8985379859805,0.6706586826347305,0.9447004608294931,0.7579617834394905,0.6824324324324325,101.15748119354248,0.5,0.8648648648648649,regnet,Não,Não,adam,0.0001,0.2,,c2ef117896af4deaaaa9ff1e92a8e5b4
1,1,0.7049504950495049,0.57133072407045,299.14901810884476,0.2714285714285714,0.8712328767123287,0.7549407114624506,0.5875570776255706,130.2898011803627,0.1917808219178082,0.9833333333333333,regnet,Não,Não,adam,0.0001,,3.0,396799256bd946b0a59273477edd9895
2,1,0.7366336633663366,0.5756360078277887,265.3149245977402,0.21428571428571427,0.936986301369863,0.7667984189723319,0.6243911719939117,128.42882919311523,0.2876712328767123,0.9611111111111111,regnet,Não,Não,adam,0.0001,,3.0,396799256bd946b0a59273477edd9895
3,1,0.7821782178217822,0.6511741682974559,239.3469553589821,0.35714285714285715,0.9452054794520548,0.7509881422924901,0.6254946727549467,123.33125025033951,0.3287671232876712,0.9222222222222223,regnet,Não,Não,adam,0.0001,,3.0,396799256bd946b0a59273477edd9895
4,1,0.7742574257425743,0.6522994129158513,239.6548093855381,0.37857142857142856,0.9260273972602739,0.7509881422924901,0.6092085235920852,123.87542259693146,0.273972602739726,0.9444444444444444,regnet,Não,Não,adam,0.0001,,3.0,396799256bd946b0a59273477edd9895
5,1,0.801980198019802,0.6912915851272016,214.7241068482399,0.44285714285714284,0.9397260273972603,0.7509881422924901,0.6987823439878235,125.61074635386467,0.5753424657534246,0.8222222222222222,regnet,Não,Não,adam,0.0001,,3.0,396799256bd946b0a59273477edd9895
6,1,0.8435643564356435,0.7772994129158513,191.44817891716957,0.6285714285714286,0.9260273972602739,0.7865612648221343,0.7197108066971081,120.38491144776344,0.5616438356164384,0.8777777777777778,regnet,Não,Não,adam,0.0001,,3.0,396799256bd946b0a59273477edd9895
7,1,0.8415841584158416,0.7605185909980431,189.68840968608856,0.5785714285714286,0.9424657534246575,0.7549407114624506,0.7056316590563166,129.85296589136124,0.589041095890411,0.8222222222222222,regnet,Não,Não,adam,0.0001,,3.0,396799256bd946b0a59273477edd9895
8,1,0.8336633663366336,0.7616438356164384,182.4085239470005,0.6,0.9232876712328767,0.8102766798418972,0.7485920852359209,106.01610946655273,0.6027397260273972,0.8944444444444445,regnet,Não,Não,adam,0.0001,,3.0,396799256bd946b0a59273477edd9895
9,1,0.8752475247524752,0.810225048923679,169.16131550073624,0.6642857142857143,0.9561643835616438,0.7865612648221343,0.7278538812785389,124.22955352067947,0.589041095890411,0.8666666666666667,regnet,Não,Não,adam,0.0001,,3.0,396799256bd946b0a59273477edd9895
10,1,0.8811881188118812,0.818737769080235,154.91882133483887,0.6785714285714286,0.958904109589041,0.8023715415019762,0.6778919330289193,136.05910849571228,0.3835616438356164,0.9722222222222222,regnet,Não,Não,adam,0.0001,,3.0,396799256bd946b0a59273477edd9895
1,2,0.6277227722772277,0.5291267626875801,318.61399695277214,0.28859060402684567,0.7696629213483146,0.758893280632411,0.5441054894179894,131.1769074201584,0.109375,0.9788359788359788,regnet,Não,Não,adam,0.0001,,3.0,396799256bd946b0a59273477edd9895
2,2,0.7207920792079208,0.5853819470628159,268.8224513530731,0.2550335570469799,0.9157303370786517,0.7430830039525691,0.5955274470899471,128.2210379242897,0.296875,0.8941798941798942,regnet,Não,Não,adam,0.0001,,3.0,396799256bd946b0a59273477edd9895
3,2,0.7504950495049505,0.6318150969006863,255.5143585205078,0.3422818791946309,0.9213483146067416,0.7707509881422925,0.6398809523809524,122.65621507167816,0.375,0.9047619047619048,regnet,Não,Não,adam,0.0001,,3.0,396799256bd946b0a59273477edd9895
4,2,0.7742574257425743,0.6740347635924893,226.39406472444534,0.42953020134228187,0.9185393258426966,0.7707509881422925,0.6553819444444444,122.47656440734863,0.421875,0.8888888888888888,regnet,Não,Não,adam,0.0001,,3.0,396799256bd946b0a59273477edd9895
5,2,0.7940594059405941,0.7095430208883192,236.07242181897163,0.5033557046979866,0.9157303370786517,0.8221343873517786,0.736276455026455,114.83675709366798,0.5625,0.91005291005291,regnet,Não,Não,adam,0.0001,,3.0,396799256bd946b0a59273477edd9895
6,2,0.7841584158415842,0.686910866450494,222.46794119477272,0.44966442953020136,0.9241573033707865,0.7628458498023715,0.7017609126984127,125.98277440667152,0.578125,0.8253968253968254,regnet,Não,Não,adam,0.0001,,3.0,396799256bd946b0a59273477edd9895
7,2,0.8376237623762376,0.7736124726642033,195.11603358387947,0.6174496644295302,0.9297752808988764,0.7667984189723319,0.7044064153439153,123.03272569179535,0.578125,0.8306878306878307,regnet,Não,Não,adam,0.0001,,3.0,396799256bd946b0a59273477edd9895
8,2,0.8356435643564356,0.7780616092300731,183.3595650792122,0.6375838926174496,0.9185393258426966,0.8221343873517786,0.7414434523809523,111.72713190317154,0.578125,0.9047619047619048,regnet,Não,Não,adam,0.0001,,3.0,396799256bd946b0a59273477edd9895
9,2,0.8594059405940594,0.8124764346580198,180.4182830452919,0.697986577181208,0.9269662921348315,0.7826086956521738,0.6994874338624338,123.42879992723465,0.53125,0.8677248677248677,regnet,Não,Não,adam,0.0001,,3.0,396799256bd946b0a59273477edd9895
10,2,0.8534653465346534,0.8180190030917729,178.27855882048607,0.7315436241610739,0.9044943820224719,0.83399209486166,0.7390459656084656,112.72049009799957,0.546875,0.9312169312169312,regnet,Não,Não,adam,0.0001,,3.0,396799256bd946b0a59273477edd9895
1,3,0.567193675889328,0.5747532292841177,351.17617535591125,0.5912408759124088,0.5582655826558266,0.7579365079365079,0.6547547846889953,135.59012866020203,0.39473684210526316,0.9147727272727273,regnet,Não,Não,adam,0.0001,,3.0,396799256bd946b0a59273477edd9895
2,3,0.7430830039525691,0.5737344964690523,265.989512860775,0.20437956204379562,0.943089430894309,0.753968253968254,0.6220095693779905,135.4351828098297,0.2894736842105263,0.9545454545454546,regnet,Não,Não,adam,0.0001,,3.0,396799256bd946b0a59273477edd9895
3,3,0.7845849802371541,0.6549660752081974,231.81447744369507,0.3722627737226277,0.9376693766937669,0.753968253968254,0.6930322966507176,137.02363073825836,0.5394736842105263,0.8465909090909091,regnet,Não,Não,adam,0.0001,,3.0,396799256bd946b0a59273477edd9895
4,3,0.8043478260869564,0.7006409115186043,222.74416661262512,0.4744525547445255,0.926829268292683,0.7698412698412698,0.6371112440191388,137.25314259529114,0.3026315789473684,0.9715909090909091,regnet,Não,Não,adam,0.0001,,3.0,396799256bd946b0a59273477edd9895
5,3,0.8142292490118577,0.7051213577829208,206.14603352546692,0.46715328467153283,0.943089430894309,0.7857142857142857,0.7194976076555024,126.1002471446991,0.5526315789473685,0.8863636363636364,regnet,Não,Não,adam,0.0001,,3.0,396799256bd946b0a59273477edd9895
6,3,0.8517786561264822,0.7836429094217949,178.39919191598892,0.635036496350365,0.9322493224932249,0.7738095238095237,0.6922846889952153,136.36556100845337,0.4868421052631579,0.8977272727272727,regnet,Não,Não,adam,0.0001,,3.0,396799256bd946b0a59273477edd9895
7,3,0.849802371541502,0.7799932743852985,184.0875051021576,0.6277372262773723,0.9322493224932249,0.7619047619047619,0.6501196172248804,135.86619293689728,0.3684210526315789,0.9318181818181818,regnet,Não,Não,adam,0.0001,,3.0,396799256bd946b0a59273477edd9895
8,3,0.8656126482213438,0.7977172472454652,177.53440421819687,0.6496350364963503,0.94579945799458,0.7579365079365079,0.665968899521531,139.65884232521057,0.4342105263157895,0.8977272727272727,regnet,Não,Não,adam,0.0001,,3.0,396799256bd946b0a59273477edd9895
9,3,0.8537549407114624,0.7643463295946828,168.87150222063065,0.5693430656934306,0.959349593495935,0.7857142857142857,0.7120215311004784,152.42529851198196,0.5263157894736842,0.8977272727272727,regnet,Não,Não,adam,0.0001,,3.0,396799256bd946b0a59273477edd9895
10,3,0.8458498023715414,0.7887563547168318,170.56342324614525,0.6642335766423357,0.9132791327913279,0.7698412698412698,0.6632775119617227,163.6924455165863,0.39473684210526316,0.9318181818181818,regnet,Não,Não,adam,0.0001,,3.0,396799256bd946b0a59273477edd9895
1,1,0.7049504950495049,0.57133072407045,299.1453477740288,0.2714285714285714,0.8712328767123287,0.7549407114624506,0.5875570776255706,130.12720435857773,0.1917808219178082,0.9833333333333333,regnet,Não,Não,adam,0.0001,,3.0,5837873db84c464394c231fc0bd7176b
2,1,0.7386138613861386,0.5770058708414872,265.36946445703506,0.21428571428571427,0.9397260273972603,0.7707509881422925,0.6312404870624048,128.10857552289963,0.3013698630136986,0.9611111111111111,regnet,Não,Não,adam,0.0001,,3.0,5837873db84c464394c231fc0bd7176b
3,1,0.7861386138613862,0.6539138943248533,238.51198774576187,0.35714285714285715,0.9506849315068493,0.7509881422924901,0.629566210045662,122.57963871955872,0.3424657534246575,0.9166666666666666,regnet,Não,Não,adam,0.0001,,3.0,5837873db84c464394c231fc0bd7176b
4,1,0.7801980198019802,0.6586105675146771,239.57613825798035,0.38571428571428573,0.9315068493150684,0.7549407114624506,0.6079147640791476,123.0128099322319,0.2602739726027397,0.9555555555555556,regnet,Não,Não,adam,0.0001,,3.0,5837873db84c464394c231fc0bd7176b
5,1,0.8,0.6921232876712329,214.82648611068726,0.45,0.9342465753424658,0.758893280632411,0.6921232876712329,124.44513502717018,0.5342465753424658,0.85,regnet,Não,Não,adam,0.0001,,3.0,5837873db84c464394c231fc0bd7176b
6,1,0.8495049504950495,0.7770058708414873,191.74842762947083,0.6142857142857143,0.9397260273972603,0.7944664031620553,0.7130517503805175,120.74138367176056,0.5205479452054794,0.9055555555555556,regnet,Não,Não,adam,0.0001,,3.0,5837873db84c464394c231fc0bd7176b
7,1,0.8455445544554455,0.7720645792563601,187.6814490109682,0.6071428571428571,0.936986301369863,0.7707509881422925,0.6800989345509895,129.6016675233841,0.4657534246575342,0.8944444444444445,regnet,Não,Não,adam,0.0001,,3.0,5837873db84c464394c231fc0bd7176b
8,1,0.8396039603960396,0.774559686888454,180.06891456246376,0.6285714285714286,0.9205479452054794,0.8300395256916996,0.7909817351598174,102.92772540450096,0.6986301369863014,0.8833333333333333,regnet,Não,Não,adam,0.0001,,3.0,5837873db84c464394c231fc0bd7176b
9,1,0.8712871287128713,0.8052837573385517,170.59320479631424,0.6571428571428571,0.9534246575342465,0.7865612648221343,0.707496194824962,125.3764583170414,0.5205479452054794,0.8944444444444445,regnet,Não,Não,adam,0.0001,,3.0,5837873db84c464394c231fc0bd7176b
10,1,0.8732673267326733,0.8154598825831703,151.30328765511513,0.6857142857142857,0.9452054794520548,0.7944664031620553,0.6845509893455098,135.32031905651093,0.4246575342465753,0.9444444444444444,regnet,Não,Não,adam,0.0001,,3.0,5837873db84c464394c231fc0bd7176b
1,2,0.6277227722772277,0.5291267626875801,318.6698422729969,0.28859060402684567,0.7696629213483146,0.758893280632411,0.5441054894179894,131.2615984082222,0.109375,0.9788359788359788,regnet,Não,Não,adam,0.0001,,3.0,5837873db84c464394c231fc0bd7176b
2,2,0.7227722772277227,0.5867864414448383,268.8922988772392,0.2550335570469799,0.9185393258426966,0.7470355731225296,0.5981729497354498,127.98043116927147,0.296875,0.8994708994708994,regnet,Não,Não,adam,0.0001,,3.0,5837873db84c464394c231fc0bd7176b
3,2,0.7504950495049505,0.6279126762687581,255.65690103173256,0.3288590604026846,0.9269662921348315,0.7628458498023715,0.6294229497354498,122.16634199023247,0.359375,0.8994708994708994,regnet,Não,Não,adam,0.0001,,3.0,5837873db84c464394c231fc0bd7176b
4,2,0.7762376237623763,0.6773904682904758,227.56394270062447,0.436241610738255,0.9185393258426966,0.7707509881422925,0.6553819444444444,121.58890983462334,0.421875,0.8888888888888888,regnet,Não,Não,adam,0.0001,,3.0,5837873db84c464394c231fc0bd7176b
5,2,0.7782178217821782,0.6905022245682829,237.67296847701073,0.47651006711409394,0.9044943820224719,0.8181818181818181,0.728463955026455,110.76908358931541,0.546875,0.91005291005291,regnet,Não,Não,adam,0.0001,,3.0,5837873db84c464394c231fc0bd7176b
6,2,0.7821782178217822,0.6855063720684715,224.68785491585732,0.44966442953020136,0.9213483146067416,0.7786561264822134,0.7175099206349207,119.87998366355896,0.59375,0.8412698412698413,regnet,Não,Não,adam,0.0001,,3.0,5837873db84c464394c231fc0bd7176b
7,2,0.8257425742574257,0.7573806651082121,195.8311506807804,0.5906040268456376,0.9241573033707865,0.7905138339920948,0.7306134259259259,120.0949595272541,0.609375,0.8518518518518519,regnet,Não,Não,adam,0.0001,,3.0,5837873db84c464394c231fc0bd7176b
8,2,0.8316831683168316,0.7772038307819923,183.78386795520782,0.6442953020134228,0.9101123595505618,0.8300395256916996,0.7260664682539681,113.07685160636902,0.515625,0.9365079365079365,regnet,Não,Não,adam,0.0001,,3.0,5837873db84c464394c231fc0bd7176b
9,2,0.8574257425742574,0.8091207299600331,180.56016582250595,0.6912751677852349,0.9269662921348315,0.7747035573122529,0.714864417989418,125.2191082239151,0.59375,0.8359788359788359,regnet,Não,Não,adam,0.0001,,3.0,5837873db84c464394c231fc0bd7176b
10,2,0.8554455445544554,0.8194234974737952,179.5628647506237,0.7315436241610739,0.9073033707865169,0.8221343873517786,0.7311094576719577,106.01763996481895,0.546875,0.9153439153439153,regnet,Não,Não,adam,0.0001,,3.0,5837873db84c464394c231fc0bd7176b
1,3,0.5691699604743082,0.5784028643206139,351.33525252342224,0.5985401459854015,0.5582655826558266,0.7619047619047619,0.6575956937799043,135.60418558120728,0.39473684210526316,0.9204545454545454,regnet,Não,Não,adam,0.0001,,3.0,5837873db84c464394c231fc0bd7176b
2,3,0.7450592885375493,0.5773841315055487,266.20043861866,0.2116788321167883,0.943089430894309,0.7579365079365079,0.6285885167464115,135.4900267124176,0.3026315789473684,0.9545454545454546,regnet,Não,Não,adam,0.0001,,3.0,5837873db84c464394c231fc0bd7176b
3,3,0.7905138339920948,0.6659149803176864,232.1504973769188,0.39416058394160586,0.9376693766937669,0.7261904761904762,0.6731459330143541,137.22928404808044,0.5394736842105263,0.8068181818181818,regnet,Não,Não,adam,0.0001,,3.0,5837873db84c464394c231fc0bd7176b
4,3,0.8043478260869564,0.7006409115186043,221.72865402698517,0.4744525547445255,0.926829268292683,0.7698412698412698,0.6333732057416268,136.11281883716583,0.2894736842105263,0.9772727272727273,regnet,Não,Não,adam,0.0001,,3.0,5837873db84c464394c231fc0bd7176b
5,3,0.8181818181818181,0.7101260063695528,205.61245274543762,0.4744525547445255,0.94579945799458,0.7738095238095237,0.7109748803827752,125.24102354049683,0.5526315789473685,0.8693181818181818,regnet,Não,Não,adam,0.0001,,3.0,5837873db84c464394c231fc0bd7176b
6,3,0.8438735177865612,0.7690443692758095,177.30098909139633,0.6058394160583942,0.9322493224932249,0.7738095238095237,0.6960227272727273,135.6655662059784,0.5,0.8920454545454546,regnet,Não,Não,adam,0.0001,,3.0,5837873db84c464394c231fc0bd7176b
7,3,0.8458498023715414,0.772694004312306,182.64030539989471,0.6131386861313869,0.9322493224932249,0.7619047619047619,0.6538576555023923,139.00860357284546,0.3815789473684211,0.9261363636363636,regnet,Não,Não,adam,0.0001,,3.0,5837873db84c464394c231fc0bd7176b
8,3,0.8715415019762845,0.8017822878958716,174.36832401156425,0.6496350364963503,0.9539295392953929,0.7619047619047619,0.680023923444976,135.70962762832642,0.47368421052631576,0.8863636363636364,regnet,Não,Não,adam,0.0001,,3.0,5837873db84c464394c231fc0bd7176b
9,3,0.8616600790513833,0.7766502482543074,173.72364282608032,0.5912408759124088,0.962059620596206,0.7857142857142857,0.7045454545454545,151.99023178219795,0.5,0.9090909090909091,regnet,Não,Não,adam,0.0001,,3.0,5837873db84c464394c231fc0bd7176b
10,3,0.8715415019762845,0.8224338812731193,168.28548941016197,0.7153284671532847,0.9295392953929539,0.7619047619047619,0.6575956937799043,157.71295881271362,0.39473684210526316,0.9204545454545454,regnet,Não,Não,adam,0.0001,,3.0,5837873db84c464394c231fc0bd7176b
1,1,0.680532445923461,0.5098788597919368,397.1398004889488,0.12574850299401197,0.8940092165898618,0.5668789808917197,0.4900117508813161,362.65952801704407,0.30434782608695654,0.6756756756756757,resnet,Não,Não,radam,0.01,0.2,,1f989ad28cd24b1a97f4cfac3d2dae28
2,1,0.6938435940099834,0.4933083142470819,392.0248289704323,0.041916167664670656,0.9447004608294931,0.6433121019108281,0.49951037994516256,174.5836261510849,0.15217391304347827,0.8468468468468469,resnet,Não,Não,radam,0.01,0.2,,1f989ad28cd24b1a97f4cfac3d2dae28
3,1,0.7154742096505824,0.5009175197991115,383.47831881046295,0.017964071856287425,0.9838709677419355,0.7070063694267517,0.5,3677.424805432558,0.0,1.0,resnet,Não,Não,radam,0.01,0.2,,1f989ad28cd24b1a97f4cfac3d2dae28
4,1,0.7237936772046589,0.515887579679351,368.8742275238037,0.04790419161676647,0.9838709677419355,0.7070063694267517,0.5,159.82393527030945,0.0,1.0,resnet,Não,Não,radam,0.01,0.2,,1f989ad28cd24b1a97f4cfac3d2dae28
5,1,0.7154742096505824,0.4972336433124534,373.24035546183586,0.005988023952095809,0.988479262672811,0.7070063694267517,0.5,98.63240855932236,0.0,1.0,resnet,Não,Não,radam,0.01,0.2,,1f989ad28cd24b1a97f4cfac3d2dae28
6,1,0.7204658901830283,0.5006898645106101,362.6917893886566,0.005988023952095809,0.9953917050691244,0.7070063694267517,0.5,100.85558503866196,0.0,1.0,resnet,Não,Não,radam,0.01,0.2,,1f989ad28cd24b1a97f4cfac3d2dae28
7,1,0.7221297836938436,0.5,364.36859226226807,0.0,1.0,0.7070063694267517,0.5,98.62515562772751,0.0,1.0,resnet,Não,Não,radam,0.01,0.2,,1f989ad28cd24b1a97f4cfac3d2dae28
8,1,0.718801996672213,0.4976958525345622,365.34200924634933,0.0,0.9953917050691244,0.7070063694267517,0.5,94.63511997461319,0.0,1.0,resnet,Não,Não,radam,0.01,0.2,,1f989ad28cd24b1a97f4cfac3d2dae28
9,1,0.7221297836938436,0.5,359.5551562309265,0.0,1.0,0.7070063694267517,0.5,97.73090326786041,0.0,1.0,resnet,Não,Não,radam,0.01,0.2,,1f989ad28cd24b1a97f4cfac3d2dae28
10,1,0.7221297836938436,0.5,360.82627660036087,0.0,1.0,0.7006369426751593,0.5018605562083823,97.22827154397964,0.021739130434782608,0.9819819819819819,resnet,Não,Não,radam,0.01,0.2,,1f989ad28cd24b1a97f4cfac3d2dae28
11,1,0.7221297836938436,0.5,357.51718187332153,0.0,1.0,0.7070063694267517,0.5,97.29771137237549,0.0,1.0,resnet,Não,Não,radam,0.01,0.2,,1f989ad28cd24b1a97f4cfac3d2dae28
12,1,0.7171381031613977,0.5002276552885014,355.9354322850704,0.011976047904191617,0.988479262672811,0.7070063694267517,0.5,98.12882500886917,0.0,1.0,resnet,Não,Não,radam,0.01,0.2,,1f989ad28cd24b1a97f4cfac3d2dae28
13,1,0.7221297836938436,0.5,359.94264060258865,0.0,1.0,0.7070063694267517,0.5,94.56919634342194,0.0,1.0,resnet,Não,Não,radam,0.01,0.2,,1f989ad28cd24b1a97f4cfac3d2dae28
14,1,0.7221297836938436,0.5,361.0043688416481,0.0,1.0,0.7070063694267517,0.5,94.21904593706131,0.0,1.0,resnet,Não,Não,radam,0.01,0.2,,1f989ad28cd24b1a97f4cfac3d2dae28
15,1,0.7221297836938436,0.5,360.85955253243446,0.0,1.0,0.7070063694267517,0.5,95.44490751624107,0.0,1.0,resnet,Não,Não,radam,0.01,0.2,,1f989ad28cd24b1a97f4cfac3d2dae28
16,1,0.7221297836938436,0.5,354.1851239204407,0.0,1.0,0.7070063694267517,0.5,93.11055073142052,0.0,1.0,resnet,Não,Não,radam,0.01,0.2,,1f989ad28cd24b1a97f4cfac3d2dae28
17,1,0.7221297836938436,0.5,355.51014852523804,0.0,1.0,0.7070063694267517,0.5,94.81683507561684,0.0,1.0,resnet,Não,Não,radam,0.01,0.2,,1f989ad28cd24b1a97f4cfac3d2dae28
18,1,0.7221297836938436,0.5,357.4939664006233,0.0,1.0,0.7070063694267517,0.5,96.66575580835342,0.0,1.0,resnet,Não,Não,radam,0.01,0.2,,1f989ad28cd24b1a97f4cfac3d2dae28
19,1,0.7138103161397671,0.5016073843097215,358.6641131043434,0.023952095808383235,0.9792626728110599,0.7070063694267517,0.5,93.73026239871979,0.0,1.0,resnet,Não,Não,radam,0.01,0.2,,1f989ad28cd24b1a97f4cfac3d2dae28
20,1,0.7221297836938436,0.5,356.5439710021019,0.0,1.0,0.7070063694267517,0.5,94.45898866653442,0.0,1.0,resnet,Não,Não,radam,0.01,0.2,,1f989ad28cd24b1a97f4cfac3d2dae28
21,1,0.7221297836938436,0.5,360.8752201795578,0.0,1.0,0.7070063694267517,0.5,94.61901301145554,0.0,1.0,resnet,Não,Não,radam,0.01,0.2,,1f989ad28cd24b1a97f4cfac3d2dae28
22,1,0.7221297836938436,0.507367752973316,353.8222646713257,0.023952095808383235,0.9907834101382489,0.7070063694267517,0.5,102.83755612373352,0.0,1.0,resnet,Não,Não,radam,0.01,0.2,,1f989ad28cd24b1a97f4cfac3d2dae28
23,1,0.7221297836938436,0.5,358.1025264263153,0.0,1.0,0.7070063694267517,0.5,95.6082164645195,0.0,1.0,resnet,Não,Não,radam,0.01,0.2,,1f989ad28cd24b1a97f4cfac3d2dae28
24,1,0.7221297836938436,0.5,361.6198545694351,0.0,1.0,0.7070063694267517,0.5,94.43187373876572,0.0,1.0,resnet,Não,Não,radam,0.01,0.2,,1f989ad28cd24b1a97f4cfac3d2dae28
25,1,0.7221297836938436,0.5,361.6175887584686,0.0,1.0,0.7070063694267517,0.5,94.92481541633606,0.0,1.0,resnet,Não,Não,radam,0.01,0.2,,1f989ad28cd24b1a97f4cfac3d2dae28
26,1,0.7221297836938436,0.5,361.70826560258865,0.0,1.0,0.7070063694267517,0.5,95.417429625988,0.0,1.0,resnet,Não,Não,radam,0.01,0.2,,1f989ad28cd24b1a97f4cfac3d2dae28
27,1,0.7221297836938436,0.5,354.8883374929428,0.0,1.0,0.7070063694267517,0.5,92.37658840417862,0.0,1.0,resnet,Não,Não,radam,0.01,0.2,,1f989ad28cd24b1a97f4cfac3d2dae28
28,1,0.7221297836938436,0.5,358.14516258239746,0.0,1.0,0.7070063694267517,0.5,96.53860104084015,0.0,1.0,resnet,Não,Não,radam,0.01,0.2,,1f989ad28cd24b1a97f4cfac3d2dae28
29,1,0.7221297836938436,0.5,357.50170534849167,0.0,1.0,0.7070063694267517,0.5,94.07008463144302,0.0,1.0,resnet,Não,Não,radam,0.01,0.2,,1f989ad28cd24b1a97f4cfac3d2dae28
30,1,0.7221297836938436,0.5,357.1459451019764,0.0,1.0,0.7070063694267517,0.5,95.73139655590057,0.0,1.0,resnet,Não,Não,radam,0.01,0.2,,1f989ad28cd24b1a97f4cfac3d2dae28
31,1,0.7221297836938436,0.5,352.83777913451195,0.0,1.0,0.7070063694267517,0.5,139.48739278316498,0.0,1.0,resnet,Não,Não,radam,0.01,0.2,,1f989ad28cd24b1a97f4cfac3d2dae28
32,1,0.7221297836938436,0.5,356.1705029606819,0.0,1.0,0.7070063694267517,0.5,90.73688519001007,0.0,1.0,resnet,Não,Não,radam,0.01,0.2,,1f989ad28cd24b1a97f4cfac3d2dae28
33,1,0.7221297836938436,0.5,359.9442546367645,0.0,1.0,0.7070063694267517,0.5,94.60385316610336,0.0,1.0,resnet,Não,Não,radam,0.01,0.2,,1f989ad28cd24b1a97f4cfac3d2dae28
34,1,0.7221297836938436,0.5,356.0481668114662,0.0,1.0,0.7070063694267517,0.5,95.43077579140663,0.0,1.0,resnet,Não,Não,radam,0.01,0.2,,1f989ad28cd24b1a97f4cfac3d2dae28
35,1,0.7221297836938436,0.5,357.2778839468956,0.0,1.0,0.7070063694267517,0.5,95.0327205657959,0.0,1.0,resnet,Não,Não,radam,0.01,0.2,,1f989ad28cd24b1a97f4cfac3d2dae28
36,1,0.7221297836938436,0.5,356.4527168273926,0.0,1.0,0.7070063694267517,0.5,94.50790339708328,0.0,1.0,resnet,Não,Não,radam,0.01,0.2,,1f989ad28cd24b1a97f4cfac3d2dae28
37,1,0.7221297836938436,0.5,357.0575658082962,0.0,1.0,0.7070063694267517,0.5,94.91419768333435,0.0,1.0,resnet,Não,Não,radam,0.01,0.2,,1f989ad28cd24b1a97f4cfac3d2dae28
38,1,0.7221297836938436,0.5,356.41843765974045,0.0,1.0,0.7070063694267517,0.5,94.8692979812622,0.0,1.0,resnet,Não,Não,radam,0.01,0.2,,1f989ad28cd24b1a97f4cfac3d2dae28
39,1,0.7221297836938436,0.5,356.83777648210526,0.0,1.0,0.7070063694267517,0.5,94.74587273597717,0.0,1.0,resnet,Não,Não,radam,0.01,0.2,,1f989ad28cd24b1a97f4cfac3d2dae28
40,1,0.7221297836938436,0.5,356.81139320135117,0.0,1.0,0.7070063694267517,0.5,95.28386890888214,0.0,1.0,resnet,Não,Não,radam,0.01,0.2,,1f989ad28cd24b1a97f4cfac3d2dae28
41,1,0.7221297836938436,0.5,357.15472263097763,0.0,1.0,0.7070063694267517,0.5,93.14652276039124,0.0,1.0,resnet,Não,Não,radam,0.01,0.2,,1f989ad28cd24b1a97f4cfac3d2dae28
42,1,0.7221297836938436,0.5,356.3925746679306,0.0,1.0,0.7070063694267517,0.5,94.81872498989105,0.0,1.0,resnet,Não,Não,radam,0.01,0.2,,1f989ad28cd24b1a97f4cfac3d2dae28
43,1,0.7221297836938436,0.5,355.75707083940506,0.0,1.0,0.7070063694267517,0.5,95.29153424501419,0.0,1.0,resnet,Não,Não,radam,0.01,0.2,,1f989ad28cd24b1a97f4cfac3d2dae28
44,1,0.7221297836938436,0.5,355.7165668606758,0.0,1.0,0.7070063694267517,0.5,94.41872185468674,0.0,1.0,resnet,Não,Não,radam,0.01,0.2,,1f989ad28cd24b1a97f4cfac3d2dae28
45,1,0.7221297836938436,0.5,352.3538348078728,0.0,1.0,0.7070063694267517,0.5,94.24282804131508,0.0,1.0,resnet,Não,Não,radam,0.01,0.2,,1f989ad28cd24b1a97f4cfac3d2dae28
46,1,0.7221297836938436,0.5,351.7118527293205,0.0,1.0,0.7070063694267517,0.5,93.88521283864975,0.0,1.0,resnet,Não,Não,radam,0.01,0.2,,1f989ad28cd24b1a97f4cfac3d2dae28
47,1,0.7221297836938436,0.5,353.78973311185837,0.0,1.0,0.7070063694267517,0.5,95.15752893686295,0.0,1.0,resnet,Não,Não,radam,0.01,0.2,,1f989ad28cd24b1a97f4cfac3d2dae28
48,1,0.7221297836938436,0.5,353.04073989391327,0.0,1.0,0.7070063694267517,0.5,94.46227300167084,0.0,1.0,resnet,Não,Não,radam,0.01,0.2,,1f989ad28cd24b1a97f4cfac3d2dae28
49,1,0.7221297836938436,0.5,353.4262444972992,0.0,1.0,0.7070063694267517,0.5,94.15690433979034,0.0,1.0,resnet,Não,Não,radam,0.01,0.2,,1f989ad28cd24b1a97f4cfac3d2dae28
50,1,0.7221297836938436,0.5,353.596273034811,0.0,1.0,0.7070063694267517,0.5,96.3466546535492,0.0,1.0,resnet,Não,Não,radam,0.01,0.2,,1f989ad28cd24b1a97f4cfac3d2dae28
51,1,0.7204658901830283,0.4988479262672811,353.6858779788017,0.0,0.9976958525345622,0.6878980891719746,0.49285154719937335,98.7183285355568,0.021739130434782608,0.963963963963964,resnet,Não,Não,radam,0.01,0.2,,1f989ad28cd24b1a97f4cfac3d2dae28
52,1,0.7221297836938436,0.5,356.42873376607895,0.0,1.0,0.7070063694267517,0.5,95.73854488134384,0.0,1.0,resnet,Não,Não,radam,0.01,0.2,,1f989ad28cd24b1a97f4cfac3d2dae28
53,1,0.7221297836938436,0.5,352.9850986599922,0.0,1.0,0.7070063694267517,0.5,94.90914529561996,0.0,1.0,resnet,Não,Não,radam,0.01,0.2,,1f989ad28cd24b1a97f4cfac3d2dae28
54,1,0.7221297836938436,0.5036838764866581,349.0547173023224,0.011976047904191617,0.9953917050691244,0.7070063694267517,0.5,97.021529763937,0.0,1.0,resnet,Não,Não,radam,0.01,0.2,,1f989ad28cd24b1a97f4cfac3d2dae28
55,1,0.7221297836938436,0.5,357.7080582976341,0.0,1.0,0.713375796178344,0.5108695652173914,93.6127662062645,0.021739130434782608,1.0,resnet,Não,Não,radam,0.01,0.2,,1f989ad28cd24b1a97f4cfac3d2dae28
56,1,0.7204658901830283,0.4988479262672811,352.28624016046524,0.0,0.9976958525345622,0.7070063694267517,0.5,94.15321981906891,0.0,1.0,resnet,Não,Não,radam,0.01,0.2,,1f989ad28cd24b1a97f4cfac3d2dae28
57,1,0.7221297836938436,0.5,353.1478438973427,0.0,1.0,0.7070063694267517,0.5,95.20517802238464,0.0,1.0,resnet,Não,Não,radam,0.01,0.2,,1f989ad28cd24b1a97f4cfac3d2dae28
58,1,0.718801996672213,0.4976958525345622,349.48669707775116,0.0,0.9953917050691244,0.7006369426751593,0.5400509204857031,99.13557666540146,0.15217391304347827,0.9279279279279279,resnet,Não,Não,radam,0.01,0.2,,1f989ad28cd24b1a97f4cfac3d2dae28
59,1,0.7221297836938436,0.5,359.6279947757721,0.0,1.0,0.7006369426751593,0.5018605562083823,96.12243741750717,0.021739130434782608,0.9819819819819819,resnet,Não,Não,radam,0.01,0.2,,1f989ad28cd24b1a97f4cfac3d2dae28
60,1,0.7171381031613977,0.4965437788018433,357.712889790535,0.0,0.9930875576036866,0.7070063694267517,0.5,95.11364674568176,0.0,1.0,resnet,Não,Não,radam,0.01,0.2,,1f989ad28cd24b1a97f4cfac3d2dae28
61,1,0.7221297836938436,0.5,356.201448738575,0.0,1.0,0.7070063694267517,0.5,95.59882616996765,0.0,1.0,resnet,Não,Não,radam,0.01,0.2,,1f989ad28cd24b1a97f4cfac3d2dae28
62,1,0.7221297836938436,0.5,357.57579839229584,0.0,1.0,0.7070063694267517,0.5,95.25667572021484,0.0,1.0,resnet,Não,Não,radam,0.01,0.2,,1f989ad28cd24b1a97f4cfac3d2dae28
63,1,0.7221297836938436,0.5,353.07097870111465,0.0,1.0,0.7070063694267517,0.5,94.39036285877228,0.0,1.0,resnet,Não,Não,radam,0.01,0.2,,1f989ad28cd24b1a97f4cfac3d2dae28
64,1,0.7221297836938436,0.5,353.69557774066925,0.0,1.0,0.7006369426751593,0.4954954954954955,96.66969519853592,0.0,0.990990990990991,resnet,Não,Não,radam,0.01,0.2,,1f989ad28cd24b1a97f4cfac3d2dae28
65,1,0.7221297836938436,0.5,350.9214697480202,0.0,1.0,0.713375796178344,0.5108695652173914,94.92850112915039,0.021739130434782608,1.0,resnet,Não,Não,radam,0.01,0.2,,1f989ad28cd24b1a97f4cfac3d2dae28
66,1,0.7221297836938436,0.507367752973316,354.7602998018265,0.023952095808383235,0.9907834101382489,0.7070063694267517,0.5,96.54175537824631,0.0,1.0,resnet,Não,Não,radam,0.01,0.2,,1f989ad28cd24b1a97f4cfac3d2dae28
67,1,0.7221297836938436,0.5,351.92838245630264,0.0,1.0,0.7070063694267517,0.5,93.2582106590271,0.0,1.0,resnet,Não,Não,radam,0.01,0.2,,1f989ad28cd24b1a97f4cfac3d2dae28
68,1,0.7221297836938436,0.5,353.05098950862885,0.0,1.0,0.7070063694267517,0.5,94.23290359973907,0.0,1.0,resnet,Não,Não,radam,0.01,0.2,,1f989ad28cd24b1a97f4cfac3d2dae28
69,1,0.718801996672213,0.4976958525345622,351.79770186543465,0.0,0.9953917050691244,0.7070063694267517,0.5,94.53431421518326,0.0,1.0,resnet,Não,Não,radam,0.01,0.2,,1f989ad28cd24b1a97f4cfac3d2dae28
70,1,0.7221297836938436,0.5,353.39096653461456,0.0,1.0,0.7070063694267517,0.5,92.00120654702187,0.0,1.0,resnet,Não,Não,radam,0.01,0.2,,1f989ad28cd24b1a97f4cfac3d2dae28
71,1,0.7221297836938436,0.5,355.0418851971626,0.0,1.0,0.7070063694267517,0.5,93.64469695091248,0.0,1.0,resnet,Não,Não,radam,0.01,0.2,,1f989ad28cd24b1a97f4cfac3d2dae28
72,1,0.7221297836938436,0.5,351.74305087327957,0.0,1.0,0.7070063694267517,0.5,93.23852264881134,0.0,1.0,resnet,Não,Não,radam,0.01,0.2,,1f989ad28cd24b1a97f4cfac3d2dae28
73,1,0.7221297836938436,0.5,350.6753809452057,0.0,1.0,0.7070063694267517,0.5,94.84458190202713,0.0,1.0,resnet,Não,Não,radam,0.01,0.2,,1f989ad28cd24b1a97f4cfac3d2dae28
74,1,0.7221297836938436,0.5,354.68311047554016,0.0,1.0,0.7070063694267517,0.5,95.05213677883148,0.0,1.0,resnet,Não,Não,radam,0.01,0.2,,1f989ad28cd24b1a97f4cfac3d2dae28
75,1,0.7221297836938436,0.5,355.25764083862305,0.0,1.0,0.7070063694267517,0.5,92.084691375494,0.0,1.0,resnet,Não,Não,radam,0.01,0.2,,1f989ad28cd24b1a97f4cfac3d2dae28
76,1,0.7221297836938436,0.5,355.58709159493446,0.0,1.0,0.7070063694267517,0.5,92.88531816005707,0.0,1.0,resnet,Não,Não,radam,0.01,0.2,,1f989ad28cd24b1a97f4cfac3d2dae28
77,1,0.7221297836938436,0.5,352.6862810254097,0.0,1.0,0.7070063694267517,0.5,93.84975618124008,0.0,1.0,resnet,Não,Não,radam,0.01,0.2,,1f989ad28cd24b1a97f4cfac3d2dae28
78,1,0.718801996672213,0.4995377907778912,356.97271394729614,0.005988023952095809,0.9930875576036866,0.7070063694267517,0.5,95.22332829236984,0.0,1.0,resnet,Não,Não,radam,0.01,0.2,,1f989ad28cd24b1a97f4cfac3d2dae28
79,1,0.7237936772046589,0.5029940119760479,349.24736922979355,0.005988023952095809,1.0,0.7006369426751593,0.5018605562083823,94.23682188987732,0.021739130434782608,0.9819819819819819,resnet,Não,Não,radam,0.01,0.2,,1f989ad28cd24b1a97f4cfac3d2dae28
80,1,0.7088186356073212,0.4981511631115649,358.2034291625023,0.023952095808383235,0.9723502304147466,0.7070063694267517,0.5,95.2382949590683,0.0,1.0,resnet,Não,Não,radam,0.01,0.2,,1f989ad28cd24b1a97f4cfac3d2dae28
81,1,0.7204658901830283,0.4988479262672811,352.0278815329075,0.0,0.9976958525345622,0.6433121019108281,0.4740501370936154,110.86127525568008,0.06521739130434782,0.8828828828828829,resnet,Não,Não,radam,0.01,0.2,,1f989ad28cd24b1a97f4cfac3d2dae28
82,1,0.7221297836938436,0.5,346.3057760298252,0.0,1.0,0.7070063694267517,0.5,94.7238048017025,0.0,1.0,resnet,Não,Não,radam,0.01,0.2,,1f989ad28cd24b1a97f4cfac3d2dae28
83,1,0.7221297836938436,0.5,355.2925871014595,0.0,1.0,0.7070063694267517,0.5,92.58392733335495,0.0,1.0,resnet,Não,Não,radam,0.01,0.2,,1f989ad28cd24b1a97f4cfac3d2dae28
84,1,0.7204658901830283,0.5006898645106101,353.5387199521065,0.005988023952095809,0.9953917050691244,0.7006369426751593,0.4954954954954955,95.79976534843445,0.0,0.990990990990991,resnet,Não,Não,radam,0.01,0.2,,1f989ad28cd24b1a97f4cfac3d2dae28
85,1,0.7221297836938436,0.5,350.1732442975044,0.0,1.0,0.713375796178344,0.5108695652173914,93.32030427455902,0.021739130434782608,1.0,resnet,Não,Não,radam,0.01,0.2,,1f989ad28cd24b1a97f4cfac3d2dae28
86,1,0.7221297836938436,0.5018419382433289,348.8380727171898,0.005988023952095809,0.9976958525345622,0.7070063694267517,0.5,98.27246588468552,0.0,1.0,resnet,Não,Não,radam,0.01,0.2,,1f989ad28cd24b1a97f4cfac3d2dae28
87,1,0.7221297836938436,0.5,351.85382157564163,0.0,1.0,0.7070063694267517,0.5,95.38687407970428,0.0,1.0,resnet,Não,Não,radam,0.01,0.2,,1f989ad28cd24b1a97f4cfac3d2dae28
88,1,0.7204658901830283,0.5006898645106101,348.7219184041023,0.005988023952095809,0.9953917050691244,0.713375796178344,0.5108695652173914,92.63274961709976,0.021739130434782608,1.0,resnet,Não,Não,radam,0.01,0.2,,1f989ad28cd24b1a97f4cfac3d2dae28
89,1,0.7271214642262895,0.5310852948480917,352.10610377788544,0.08982035928143713,0.9723502304147466,0.7070063694267517,0.5,94.74396139383316,0.0,1.0,resnet,Não,Não,radam,0.01,0.2,,1f989ad28cd24b1a97f4cfac3d2dae28
90,1,0.7221297836938436,0.5,355.2406296133995,0.0,1.0,0.7070063694267517,0.5,93.92616266012192,0.0,1.0,resnet,Não,Não,radam,0.01,0.2,,1f989ad28cd24b1a97f4cfac3d2dae28
91,1,0.7221297836938436,0.5018419382433289,350.5516363978386,0.005988023952095809,0.9976958525345622,0.713375796178344,0.5108695652173914,92.34679812192917,0.021739130434782608,1.0,resnet,Não,Não,radam,0.01,0.2,,1f989ad28cd24b1a97f4cfac3d2dae28
92,1,0.7221297836938436,0.5,349.6654272675514,0.0,1.0,0.7070063694267517,0.5063650607128869,103.57235926389694,0.021739130434782608,0.990990990990991,resnet,Não,Não,radam,0.01,0.2,,1f989ad28cd24b1a97f4cfac3d2dae28
93,1,0.7204658901830283,0.5006898645106101,353.6563003063202,0.005988023952095809,0.9953917050691244,0.7070063694267517,0.5,92.88363009691238,0.0,1.0,resnet,Não,Não,radam,0.01,0.2,,1f989ad28cd24b1a97f4cfac3d2dae28
94,1,0.7221297836938436,0.5,349.9882208108902,0.0,1.0,0.7070063694267517,0.5,93.861999720335,0.0,1.0,resnet,Não,Não,radam,0.01,0.2,,1f989ad28cd24b1a97f4cfac3d2dae28
95,1,0.7221297836938436,0.5018419382433289,353.40427535772324,0.005988023952095809,0.9976958525345622,0.694267515923567,0.49099099099099097,95.85117405653,0.0,0.9819819819819819,resnet,Não,Não,radam,0.01,0.2,,1f989ad28cd24b1a97f4cfac3d2dae28
96,1,0.7237936772046589,0.5103617649493639,354.69637989997864,0.029940119760479042,0.9907834101382489,0.713375796178344,0.5108695652173914,93.8524602651596,0.021739130434782608,1.0,resnet,Não,Não,radam,0.01,0.2,,1f989ad28cd24b1a97f4cfac3d2dae28
97,1,0.7154742096505824,0.5046013962857695,350.0522991120815,0.029940119760479042,0.9792626728110599,0.7197452229299364,0.5217391304347826,90.7940981388092,0.043478260869565216,1.0,resnet,Não,Não,radam,0.01,0.2,,1f989ad28cd24b1a97f4cfac3d2dae28
98,1,0.7204658901830283,0.5006898645106101,353.16694155335426,0.005988023952095809,0.9953917050691244,0.7070063694267517,0.5,94.69501966238022,0.0,1.0,resnet,Não,Não,radam,0.01,0.2,,1f989ad28cd24b1a97f4cfac3d2dae28
99,1,0.7221297836938436,0.5,351.39140433073044,0.0,1.0,0.713375796178344,0.5108695652173914,93.89754036068916,0.021739130434782608,1.0,resnet,Não,Não,radam,0.01,0.2,,1f989ad28cd24b1a97f4cfac3d2dae28
100,1,0.7204658901830283,0.4988479262672811,346.27033692598343,0.0,0.9976958525345622,0.7006369426751593,0.4954954954954955,98.16523677110672,0.0,0.990990990990991,resnet,Não,Não,radam,0.01,0.2,,1f989ad28cd24b1a97f4cfac3d2dae28
1,1,0.6505823627287853,0.4983512238196418,414.85471177101135,0.15568862275449102,0.8410138248847926,0.7070063694267517,0.5,170.69803202152252,0.0,1.0,resnet,Não,Sim,radam,0.01,0.2,,3d9d827ff05349a9be05469fb93812c5
2,1,0.7221297836938436,0.5,367.30522179603577,0.0,1.0,0.7070063694267517,0.5,102.85388052463531,0.0,1.0,resnet,Não,Sim,radam,0.01,0.2,,3d9d827ff05349a9be05469fb93812c5
3,1,0.7221297836938436,0.5,371.1218985915184,0.0,1.0,0.7070063694267517,0.5,107.77789962291718,0.0,1.0,resnet,Não,Sim,radam,0.01,0.2,,3d9d827ff05349a9be05469fb93812c5
4,1,0.7221297836938436,0.5,370.87418538331985,0.0,1.0,0.7070063694267517,0.5,206.89863044023514,0.0,1.0,resnet,Não,Sim,radam,0.01,0.2,,3d9d827ff05349a9be05469fb93812c5
5,1,0.7221297836938436,0.5,359.5091758966446,0.0,1.0,0.7070063694267517,0.5,98.01650583744049,0.0,1.0,resnet,Não,Sim,radam,0.01,0.2,,3d9d827ff05349a9be05469fb93812c5
6,1,0.7221297836938436,0.5,362.21089163422585,0.0,1.0,0.7070063694267517,0.5,112.13860785961151,0.0,1.0,resnet,Não,Sim,radam,0.01,0.2,,3d9d827ff05349a9be05469fb93812c5
7,1,0.7221297836938436,0.5,365.7497556209564,0.0,1.0,0.7070063694267517,0.5,239.47189569473267,0.0,1.0,resnet,Não,Sim,radam,0.01,0.2,,3d9d827ff05349a9be05469fb93812c5
8,1,0.7221297836938436,0.5,362.9174008965492,0.0,1.0,0.7070063694267517,0.5,97.53109097480774,0.0,1.0,resnet,Não,Sim,radam,0.01,0.2,,3d9d827ff05349a9be05469fb93812c5
9,1,0.7221297836938436,0.5,359.6913620233536,0.0,1.0,0.7070063694267517,0.5,95.09238475561142,0.0,1.0,resnet,Não,Sim,radam,0.01,0.2,,3d9d827ff05349a9be05469fb93812c5
10,1,0.7221297836938436,0.5,357.046606361866,0.0,1.0,0.7070063694267517,0.5,97.88365179300308,0.0,1.0,resnet,Não,Sim,radam,0.01,0.2,,3d9d827ff05349a9be05469fb93812c5
11,1,0.7221297836938436,0.5,357.97022247314453,0.0,1.0,0.7070063694267517,0.5,95.9505912065506,0.0,1.0,resnet,Não,Sim,radam,0.01,0.2,,3d9d827ff05349a9be05469fb93812c5
12,1,0.7221297836938436,0.5,362.23096865415573,0.0,1.0,0.7070063694267517,0.5,95.47042143344879,0.0,1.0,resnet,Não,Sim,radam,0.01,0.2,,3d9d827ff05349a9be05469fb93812c5
13,1,0.7221297836938436,0.5,358.5199939608574,0.0,1.0,0.7070063694267517,0.5,95.55540245771408,0.0,1.0,resnet,Não,Sim,radam,0.01,0.2,,3d9d827ff05349a9be05469fb93812c5
14,1,0.7221297836938436,0.5,360.3804517388344,0.0,1.0,0.7070063694267517,0.5,95.20328712463379,0.0,1.0,resnet,Não,Sim,radam,0.01,0.2,,3d9d827ff05349a9be05469fb93812c5
15,1,0.7221297836938436,0.5,356.77197724580765,0.0,1.0,0.7070063694267517,0.5,95.46910923719406,0.0,1.0,resnet,Não,Sim,radam,0.01,0.2,,3d9d827ff05349a9be05469fb93812c5
16,1,0.7221297836938436,0.5,355.45164144039154,0.0,1.0,0.7070063694267517,0.5,95.57705163955688,0.0,1.0,resnet,Não,Sim,radam,0.01,0.2,,3d9d827ff05349a9be05469fb93812c5
17,1,0.7221297836938436,0.5,364.0402717590332,0.0,1.0,0.7070063694267517,0.5,94.89946663379669,0.0,1.0,resnet,Não,Sim,radam,0.01,0.2,,3d9d827ff05349a9be05469fb93812c5
18,1,0.7221297836938436,0.5,356.507029235363,0.0,1.0,0.7070063694267517,0.5,94.82807195186615,0.0,1.0,resnet,Não,Sim,radam,0.01,0.2,,3d9d827ff05349a9be05469fb93812c5
19,1,0.7221297836938436,0.5,361.6281470656395,0.0,1.0,0.7070063694267517,0.5,94.87341469526291,0.0,1.0,resnet,Não,Sim,radam,0.01,0.2,,3d9d827ff05349a9be05469fb93812c5
20,1,0.7221297836938436,0.5,364.772577047348,0.0,1.0,0.7070063694267517,0.5,100.85717621445656,0.0,1.0,resnet,Não,Sim,radam,0.01,0.2,,3d9d827ff05349a9be05469fb93812c5
21,1,0.7221297836938436,0.5,362.40538984537125,0.0,1.0,0.7070063694267517,0.5,185.11998146772385,0.0,1.0,resnet,Não,Sim,radam,0.01,0.2,,3d9d827ff05349a9be05469fb93812c5
22,1,0.7171381031613977,0.4965437788018433,363.83516681194305,0.0,0.9930875576036866,0.7070063694267517,0.5,95.5803827047348,0.0,1.0,resnet,Não,Sim,radam,0.01,0.2,,3d9d827ff05349a9be05469fb93812c5
23,1,0.7221297836938436,0.5,360.42528945207596,0.0,1.0,0.7070063694267517,0.5,94.60277020931244,0.0,1.0,resnet,Não,Sim,radam,0.01,0.2,,3d9d827ff05349a9be05469fb93812c5
24,1,0.7221297836938436,0.5,354.6756670176983,0.0,1.0,0.7070063694267517,0.5,97.19937086105347,0.0,1.0,resnet,Não,Sim,radam,0.01,0.2,,3d9d827ff05349a9be05469fb93812c5
25,1,0.7154742096505824,0.49539170506912444,363.17204463481903,0.0,0.9907834101382489,0.7070063694267517,0.5,170.34600019454956,0.0,1.0,resnet,Não,Sim,radam,0.01,0.2,,3d9d827ff05349a9be05469fb93812c5
26,1,0.7221297836938436,0.5,359.18189549446106,0.0,1.0,0.7070063694267517,0.5,94.80152022838593,0.0,1.0,resnet,Não,Sim,radam,0.01,0.2,,3d9d827ff05349a9be05469fb93812c5
27,1,0.7138103161397671,0.4960815695797345,366.4677692055702,0.005988023952095809,0.9861751152073732,0.7070063694267517,0.5,94.94671028852463,0.0,1.0,resnet,Não,Sim,radam,0.01,0.2,,3d9d827ff05349a9be05469fb93812c5
28,1,0.7221297836938436,0.5,355.68889886140823,0.0,1.0,0.7070063694267517,0.5,94.9639887213707,0.0,1.0,resnet,Não,Sim,radam,0.01,0.2,,3d9d827ff05349a9be05469fb93812c5
29,1,0.7221297836938436,0.5,356.84810796380043,0.0,1.0,0.7070063694267517,0.5,94.63546258211136,0.0,1.0,resnet,Não,Sim,radam,0.01,0.2,,3d9d827ff05349a9be05469fb93812c5
30,1,0.7221297836938436,0.5,354.8451009988785,0.0,1.0,0.7070063694267517,0.5,93.93241262435913,0.0,1.0,resnet,Não,Sim,radam,0.01,0.2,,3d9d827ff05349a9be05469fb93812c5
31,1,0.7221297836938436,0.5,355.29221391677856,0.0,1.0,0.7070063694267517,0.5,93.23566442728043,0.0,1.0,resnet,Não,Sim,radam,0.01,0.2,,3d9d827ff05349a9be05469fb93812c5
32,1,0.7221297836938436,0.5,355.1376156806946,0.0,1.0,0.7070063694267517,0.5,360.77797389030457,0.0,1.0,resnet,Não,Sim,radam,0.01,0.2,,3d9d827ff05349a9be05469fb93812c5
33,1,0.7221297836938436,0.5,355.7876646518707,0.0,1.0,0.7070063694267517,0.5,94.71033900976181,0.0,1.0,resnet,Não,Sim,radam,0.01,0.2,,3d9d827ff05349a9be05469fb93812c5
34,1,0.7221297836938436,0.5,353.6154838204384,0.0,1.0,0.7070063694267517,0.5,95.55553078651428,0.0,1.0,resnet,Não,Sim,radam,0.01,0.2,,3d9d827ff05349a9be05469fb93812c5
35,1,0.7221297836938436,0.5,354.69308230280876,0.0,1.0,0.7070063694267517,0.5,94.8854010105133,0.0,1.0,resnet,Não,Sim,radam,0.01,0.2,,3d9d827ff05349a9be05469fb93812c5
36,1,0.7221297836938436,0.5,356.4924023747444,0.0,1.0,0.7070063694267517,0.5,94.71608126163483,0.0,1.0,resnet,Não,Sim,radam,0.01,0.2,,3d9d827ff05349a9be05469fb93812c5
37,1,0.7221297836938436,0.5,352.5030842423439,0.0,1.0,0.7070063694267517,0.5,93.78512382507324,0.0,1.0,resnet,Não,Sim,radam,0.01,0.2,,3d9d827ff05349a9be05469fb93812c5
38,1,0.7221297836938436,0.5,352.3718361854553,0.0,1.0,0.7070063694267517,0.5,137.33903574943542,0.0,1.0,resnet,Não,Sim,radam,0.01,0.2,,3d9d827ff05349a9be05469fb93812c5
39,1,0.7221297836938436,0.5,355.61993646621704,0.0,1.0,0.7070063694267517,0.5,93.71967250108719,0.0,1.0,resnet,Não,Sim,radam,0.01,0.2,,3d9d827ff05349a9be05469fb93812c5
40,1,0.7221297836938436,0.5,355.2413435578346,0.0,1.0,0.7070063694267517,0.5,107.54697370529175,0.0,1.0,resnet,Não,Sim,radam,0.01,0.2,,3d9d827ff05349a9be05469fb93812c5
41,1,0.7221297836938436,0.5,356.20324170589447,0.0,1.0,0.7070063694267517,0.5,94.11458486318588,0.0,1.0,resnet,Não,Sim,radam,0.01,0.2,,3d9d827ff05349a9be05469fb93812c5
42,1,0.7221297836938436,0.5,354.95486456155777,0.0,1.0,0.7070063694267517,0.5,94.80077862739563,0.0,1.0,resnet,Não,Sim,radam,0.01,0.2,,3d9d827ff05349a9be05469fb93812c5
43,1,0.7221297836938436,0.5,356.24186980724335,0.0,1.0,0.7070063694267517,0.5,93.78398522734642,0.0,1.0,resnet,Não,Sim,radam,0.01,0.2,,3d9d827ff05349a9be05469fb93812c5
44,1,0.7221297836938436,0.5,355.23196309804916,0.0,1.0,0.7070063694267517,0.5,94.48770928382874,0.0,1.0,resnet,Não,Sim,radam,0.01,0.2,,3d9d827ff05349a9be05469fb93812c5
45,1,0.7221297836938436,0.5,354.54515278339386,0.0,1.0,0.7070063694267517,0.5,94.30146503448486,0.0,1.0,resnet,Não,Sim,radam,0.01,0.2,,3d9d827ff05349a9be05469fb93812c5
46,1,0.7221297836938436,0.5,356.29127991199493,0.0,1.0,0.7070063694267517,0.5,96.50726366043091,0.0,1.0,resnet,Não,Sim,radam,0.01,0.2,,3d9d827ff05349a9be05469fb93812c5
47,1,0.7221297836938436,0.5,355.46481573581696,0.0,1.0,0.7070063694267517,0.5,93.91922920942307,0.0,1.0,resnet,Não,Sim,radam,0.01,0.2,,3d9d827ff05349a9be05469fb93812c5
48,1,0.7221297836938436,0.5,353.01188641786575,0.0,1.0,0.7070063694267517,0.5,95.24670207500458,0.0,1.0,resnet,Não,Sim,radam,0.01,0.2,,3d9d827ff05349a9be05469fb93812c5
49,1,0.7221297836938436,0.5,358.7547430098057,0.0,1.0,0.7070063694267517,0.5,94.54278692603111,0.0,1.0,resnet,Não,Sim,radam,0.01,0.2,,3d9d827ff05349a9be05469fb93812c5
50,1,0.718801996672213,0.5050636055078782,365.47405445575714,0.023952095808383235,0.9861751152073732,0.7070063694267517,0.5,95.59016472101212,0.0,1.0,resnet,Não,Sim,radam,0.01,0.2,,3d9d827ff05349a9be05469fb93812c5
51,1,0.7221297836938436,0.5,354.72246181964874,0.0,1.0,0.7070063694267517,0.5,118.2479373216629,0.0,1.0,resnet,Não,Sim,radam,0.01,0.2,,3d9d827ff05349a9be05469fb93812c5
52,1,0.7221297836938436,0.5,364.68403697013855,0.0,1.0,0.7070063694267517,0.5,93.96012681722641,0.0,1.0,resnet,Não,Sim,radam,0.01,0.2,,3d9d827ff05349a9be05469fb93812c5
53,1,0.7204658901830283,0.4988479262672811,366.2586455643177,0.0,0.9976958525345622,0.7070063694267517,0.5,95.05083507299423,0.0,1.0,resnet,Não,Sim,radam,0.01,0.2,,3d9d827ff05349a9be05469fb93812c5
54,1,0.7221297836938436,0.5,355.5278260111809,0.0,1.0,0.7070063694267517,0.5,93.48662114143372,0.0,1.0,resnet,Não,Sim,radam,0.01,0.2,,3d9d827ff05349a9be05469fb93812c5
55,1,0.7138103161397671,0.49976544606639256,362.51811069250107,0.017964071856287425,0.9815668202764977,0.7070063694267517,0.5,100.57882297039032,0.0,1.0,resnet,Não,Sim,radam,0.01,0.2,,3d9d827ff05349a9be05469fb93812c5
56,1,0.7221297836938436,0.5,360.5608175396919,0.0,1.0,0.7070063694267517,0.5,94.44038417935371,0.0,1.0,resnet,Não,Sim,radam,0.01,0.2,,3d9d827ff05349a9be05469fb93812c5
57,1,0.718801996672213,0.5032216672645493,358.7306948006153,0.017964071856287425,0.988479262672811,0.7070063694267517,0.5,99.30226159095764,0.0,1.0,resnet,Não,Sim,radam,0.01,0.2,,3d9d827ff05349a9be05469fb93812c5
58,1,0.7221297836938436,0.5,358.33444625139236,0.0,1.0,0.7070063694267517,0.5,94.669209420681,0.0,1.0,resnet,Não,Sim,radam,0.01,0.2,,3d9d827ff05349a9be05469fb93812c5
59,1,0.7221297836938436,0.5,359.4675705432892,0.0,1.0,0.7070063694267517,0.5,94.1100862622261,0.0,1.0,resnet,Não,Sim,radam,0.01,0.2,,3d9d827ff05349a9be05469fb93812c5
60,1,0.7221297836938436,0.5,357.78219723701477,0.0,1.0,0.7070063694267517,0.5,94.97769463062286,0.0,1.0,resnet,Não,Sim,radam,0.01,0.2,,3d9d827ff05349a9be05469fb93812c5
61,1,0.7221297836938436,0.5,356.41675677895546,0.0,1.0,0.7070063694267517,0.5,94.95939922332764,0.0,1.0,resnet,Não,Sim,radam,0.01,0.2,,3d9d827ff05349a9be05469fb93812c5
62,1,0.7221297836938436,0.5,356.30554085969925,0.0,1.0,0.7070063694267517,0.5,95.09472095966339,0.0,1.0,resnet,Não,Sim,radam,0.01,0.2,,3d9d827ff05349a9be05469fb93812c5
63,1,0.7221297836938436,0.5,356.2090038061142,0.0,1.0,0.7070063694267517,0.5,94.95411509275436,0.0,1.0,resnet,Não,Sim,radam,0.01,0.2,,3d9d827ff05349a9be05469fb93812c5
64,1,0.7221297836938436,0.5,354.7678111195564,0.0,1.0,0.7070063694267517,0.5,94.88954108953476,0.0,1.0,resnet,Não,Sim,radam,0.01,0.2,,3d9d827ff05349a9be05469fb93812c5
65,1,0.7221297836938436,0.5,356.8554393649101,0.0,1.0,0.7070063694267517,0.5,95.28401726484299,0.0,1.0,resnet,Não,Sim,radam,0.01,0.2,,3d9d827ff05349a9be05469fb93812c5
66,1,0.7221297836938436,0.5,358.4611467719078,0.0,1.0,0.7070063694267517,0.5,94.74038684368134,0.0,1.0,resnet,Não,Sim,radam,0.01,0.2,,3d9d827ff05349a9be05469fb93812c5
67,1,0.7221297836938436,0.5,356.97553265094757,0.0,1.0,0.7070063694267517,0.5,94.95749694108963,0.0,1.0,resnet,Não,Sim,radam,0.01,0.2,,3d9d827ff05349a9be05469fb93812c5
68,1,0.7221297836938436,0.5,356.33680641651154,0.0,1.0,0.7070063694267517,0.5,94.65283560752869,0.0,1.0,resnet,Não,Sim,radam,0.01,0.2,,3d9d827ff05349a9be05469fb93812c5
69,1,0.7221297836938436,0.5,357.4245426058769,0.0,1.0,0.6305732484076434,0.4586760673717195,109.13946294784546,0.043478260869565216,0.8738738738738738,resnet,Não,Sim,radam,0.01,0.2,,3d9d827ff05349a9be05469fb93812c5
70,1,0.7221297836938436,0.5,356.42720609903336,0.0,1.0,0.7070063694267517,0.5,95.25136077404022,0.0,1.0,resnet,Não,Sim,radam,0.01,0.2,,3d9d827ff05349a9be05469fb93812c5
71,1,0.7221297836938436,0.5,356.6615566909313,0.0,1.0,0.7070063694267517,0.5,94.95041131973267,0.0,1.0,resnet,Não,Sim,radam,0.01,0.2,,3d9d827ff05349a9be05469fb93812c5
72,1,0.7221297836938436,0.5,355.22932982444763,0.0,1.0,0.7070063694267517,0.5,94.55315977334976,0.0,1.0,resnet,Não,Sim,radam,0.01,0.2,,3d9d827ff05349a9be05469fb93812c5
73,1,0.7204658901830283,0.4988479262672811,360.2483131289482,0.0,0.9976958525345622,0.7070063694267517,0.5,95.00425672531128,0.0,1.0,resnet,Não,Sim,radam,0.01,0.2,,3d9d827ff05349a9be05469fb93812c5
74,1,0.7221297836938436,0.5,356.0190159082413,0.0,1.0,0.7070063694267517,0.5,94.9803318977356,0.0,1.0,resnet,Não,Sim,radam,0.01,0.2,,3d9d827ff05349a9be05469fb93812c5
75,1,0.7221297836938436,0.5,355.6411635875702,0.0,1.0,0.7070063694267517,0.5,95.00988444685936,0.0,1.0,resnet,Não,Sim,radam,0.01,0.2,,3d9d827ff05349a9be05469fb93812c5
76,1,0.7221297836938436,0.5,355.37029978632927,0.0,1.0,0.7070063694267517,0.5,95.05134379863739,0.0,1.0,resnet,Não,Sim,radam,0.01,0.2,,3d9d827ff05349a9be05469fb93812c5
77,1,0.7221297836938436,0.5,355.49284172058105,0.0,1.0,0.7070063694267517,0.5,95.1852131485939,0.0,1.0,resnet,Não,Sim,radam,0.01,0.2,,3d9d827ff05349a9be05469fb93812c5
78,1,0.7221297836938436,0.5,355.5015394091606,0.0,1.0,0.7070063694267517,0.5,95.08729201555252,0.0,1.0,resnet,Não,Sim,radam,0.01,0.2,,3d9d827ff05349a9be05469fb93812c5
79,1,0.7221297836938436,0.5,355.6384666264057,0.0,1.0,0.7070063694267517,0.5,95.08673745393753,0.0,1.0,resnet,Não,Sim,radam,0.01,0.2,,3d9d827ff05349a9be05469fb93812c5
80,1,0.7221297836938436,0.5,355.5503532588482,0.0,1.0,0.7070063694267517,0.5,94.99051588773727,0.0,1.0,resnet,Não,Sim,radam,0.01,0.2,,3d9d827ff05349a9be05469fb93812c5
81,1,0.7221297836938436,0.5,355.3080343604088,0.0,1.0,0.7070063694267517,0.5,95.10346242785454,0.0,1.0,resnet,Não,Sim,radam,0.01,0.2,,3d9d827ff05349a9be05469fb93812c5
82,1,0.7221297836938436,0.5,355.6862909793854,0.0,1.0,0.7070063694267517,0.5,95.03195858001709,0.0,1.0,resnet,Não,Sim,radam,0.01,0.2,,3d9d827ff05349a9be05469fb93812c5
83,1,0.7221297836938436,0.5,355.3384434580803,0.0,1.0,0.7070063694267517,0.5,95.02944189310074,0.0,1.0,resnet,Não,Sim,radam,0.01,0.2,,3d9d827ff05349a9be05469fb93812c5
84,1,0.7221297836938436,0.5,355.3915358185768,0.0,1.0,0.7070063694267517,0.5,95.03066182136536,0.0,1.0,resnet,Não,Sim,radam,0.01,0.2,,3d9d827ff05349a9be05469fb93812c5
85,1,0.7221297836938436,0.5,355.41584968566895,0.0,1.0,0.7070063694267517,0.5,95.06870692968369,0.0,1.0,resnet,Não,Sim,radam,0.01,0.2,,3d9d827ff05349a9be05469fb93812c5
86,1,0.7221297836938436,0.5,355.5733354687691,0.0,1.0,0.7070063694267517,0.5,95.13620322942734,0.0,1.0,resnet,Não,Sim,radam,0.01,0.2,,3d9d827ff05349a9be05469fb93812c5
87,1,0.7221297836938436,0.5,355.24763560295105,0.0,1.0,0.7070063694267517,0.5,95.02871572971344,0.0,1.0,resnet,Não,Sim,radam,0.01,0.2,,3d9d827ff05349a9be05469fb93812c5
88,1,0.7221297836938436,0.5,355.34825134277344,0.0,1.0,0.7070063694267517,0.5,95.06684213876724,0.0,1.0,resnet,Não,Sim,radam,0.01,0.2,,3d9d827ff05349a9be05469fb93812c5
89,1,0.7221297836938436,0.5,355.3376917243004,0.0,1.0,0.7070063694267517,0.5,94.99665063619614,0.0,1.0,resnet,Não,Sim,radam,0.01,0.2,,3d9d827ff05349a9be05469fb93812c5
90,1,0.7221297836938436,0.5,355.22600507736206,0.0,1.0,0.7070063694267517,0.5,95.04494667053223,0.0,1.0,resnet,Não,Sim,radam,0.01,0.2,,3d9d827ff05349a9be05469fb93812c5
91,1,0.7221297836938436,0.5,355.25969475507736,0.0,1.0,0.7070063694267517,0.5,95.04615187644958,0.0,1.0,resnet,Não,Sim,radam,0.01,0.2,,3d9d827ff05349a9be05469fb93812c5
92,1,0.7221297836938436,0.5,355.28088188171387,0.0,1.0,0.7070063694267517,0.5,95.04081058502197,0.0,1.0,resnet,Não,Sim,radam,0.01,0.2,,3d9d827ff05349a9be05469fb93812c5
93,1,0.7221297836938436,0.5,355.25933903455734,0.0,1.0,0.7070063694267517,0.5,95.07049685716629,0.0,1.0,resnet,Não,Sim,radam,0.01,0.2,,3d9d827ff05349a9be05469fb93812c5
94,1,0.7221297836938436,0.5,355.4668852686882,0.0,1.0,0.7070063694267517,0.5,95.06083297729492,0.0,1.0,resnet,Não,Sim,radam,0.01,0.2,,3d9d827ff05349a9be05469fb93812c5
95,1,0.7221297836938436,0.5,355.3260771930218,0.0,1.0,0.7070063694267517,0.5,95.00438380241394,0.0,1.0,resnet,Não,Sim,radam,0.01,0.2,,3d9d827ff05349a9be05469fb93812c5
96,1,0.7221297836938436,0.5,355.1964629292488,0.0,1.0,0.7070063694267517,0.5,95.05331158638,0.0,1.0,resnet,Não,Sim,radam,0.01,0.2,,3d9d827ff05349a9be05469fb93812c5
97,1,0.7221297836938436,0.5,355.3990289568901,0.0,1.0,0.7070063694267517,0.5,95.02922821044922,0.0,1.0,resnet,Não,Sim,radam,0.01,0.2,,3d9d827ff05349a9be05469fb93812c5
98,1,0.7221297836938436,0.5,355.4518482685089,0.0,1.0,0.7070063694267517,0.5,95.10882669687271,0.0,1.0,resnet,Não,Sim,radam,0.01,0.2,,3d9d827ff05349a9be05469fb93812c5
99,1,0.7221297836938436,0.5,355.6513854265213,0.0,1.0,0.7070063694267517,0.5,94.98690336942673,0.0,1.0,resnet,Não,Sim,radam,0.01,0.2,,3d9d827ff05349a9be05469fb93812c5
100,1,0.7221297836938436,0.5,355.3312602043152,0.0,1.0,0.7070063694267517,0.5,95.03941601514816,0.0,1.0,resnet,Não,Sim,radam,0.01,0.2,,3d9d827ff05349a9be05469fb93812c5
1,1,0.6855241264559069,0.4949156985568034,654.6555839180946,0.0658682634730539,0.923963133640553,0.7070063694267517,0.5,100.73439455032349,0.0,1.0,resnet,Sim,Não,adam,0.01,0.2,,c14f8aa402f646f784d13b0f691d898a
2,1,0.7138103161397671,0.4979235078230636,332.40947920084,0.011976047904191617,0.9838709677419355,0.8089171974522293,0.6739130434782609,243.74371421337128,0.34782608695652173,1.0,resnet,Sim,Não,adam,0.01,0.2,,c14f8aa402f646f784d13b0f691d898a
3,1,0.8519134775374376,0.7795813902149618,231.24938674271107,0.6167664670658682,0.9423963133640553,0.7707006369426752,0.6086956521739131,294.10905808210373,0.21739130434782608,1.0,resnet,Sim,Não,adam,0.01,0.2,,c14f8aa402f646f784d13b0f691d898a
4,1,0.8752079866888519,0.8141298049063164,177.00591161847115,0.6766467065868264,0.9516129032258065,0.9044585987261147,0.8687818253035644,43.98115786910057,0.782608695652174,0.954954954954955,resnet,Sim,Não,adam,0.01,0.2,,c14f8aa402f646f784d13b0f691d898a
5,1,0.9068219633943427,0.8562805265045945,156.2007349729538,0.7425149700598802,0.9700460829493087,0.8471337579617835,0.7391304347826086,64.87595304846764,0.4782608695652174,1.0,resnet,Sim,Não,adam,0.01,0.2,,c14f8aa402f646f784d13b0f691d898a
6,1,0.9068219633943427,0.8544385882612656,130.28907733410597,0.7365269461077845,0.9723502304147466,0.8726114649681529,0.7826086956521738,52.52928751800209,0.5652173913043478,1.0,resnet,Sim,Não,adam,0.01,0.2,,c14f8aa402f646f784d13b0f691d898a
7,1,0.9267886855241265,0.8848409172438534,128.53676933050156,0.7904191616766467,0.9792626728110599,0.8343949044585988,0.7237563650607128,64.1394370496273,0.45652173913043476,0.990990990990991,resnet,Sim,Não,adam,0.01,0.2,,c14f8aa402f646f784d13b0f691d898a
8,1,0.9201331114808653,0.8802326223129777,128.24132622778416,0.7904191616766467,0.9700460829493087,0.8980891719745223,0.8388170779475127,43.421060130000114,0.6956521739130435,0.9819819819819819,resnet,Sim,Não,adam,0.01,0.2,,c14f8aa402f646f784d13b0f691d898a
9,1,0.9267886855241265,0.8885247937305113,147.60448691807687,0.8023952095808383,0.9746543778801844,0.910828025477707,0.8605562083822953,35.09068363904953,0.7391304347826086,0.9819819819819819,resnet,Sim,Não,adam,0.01,0.2,,c14f8aa402f646f784d13b0f691d898a
10,1,0.9284525790349418,0.8970446204365463,113.6713892519474,0.8263473053892215,0.967741935483871,0.9171974522292994,0.8777908343125734,35.3893817961216,0.782608695652174,0.972972972972973,resnet,Sim,Não,adam,0.01,0.2,,c14f8aa402f646f784d13b0f691d898a
11,1,0.9334442595673877,0.9005008416347031,97.4439101330936,0.8263473053892215,0.9746543778801844,0.8853503184713376,0.8043478260869565,48.13144487142563,0.6086956521739131,1.0,resnet,Sim,Não,adam,0.01,0.2,,c14f8aa402f646f784d13b0f691d898a
12,1,0.935108153078203,0.9108626065840669,95.70861995220184,0.8562874251497006,0.9654377880184332,0.910828025477707,0.8541911476694085,38.49111865460873,0.717391304347826,0.990990990990991,resnet,Sim,Não,adam,0.01,0.2,,c14f8aa402f646f784d13b0f691d898a
13,1,0.9484193011647255,0.921921134689147,88.78900845348835,0.8622754491017964,0.9815668202764977,0.8598726114649682,0.8818057187622406,63.38345169275999,0.9347826086956522,0.8288288288288288,resnet,Sim,Não,adam,0.01,0.2,,c14f8aa402f646f784d13b0f691d898a
14,1,0.9267886855241265,0.9051022379204724,141.11524474760517,0.8562874251497006,0.9539170506912442,0.8535031847133758,0.75,58.17077876627445,0.5,1.0,resnet,Sim,Não,adam,0.01,0.2,,c14f8aa402f646f784d13b0f691d898a
15,1,0.9367720465890184,0.9028049891001408,104.52241945266724,0.8263473053892215,0.9792626728110599,0.9171974522292994,0.8968860164512339,37.74056190252304,0.8478260869565217,0.9459459459459459,resnet,Sim,Não,adam,0.01,0.2,,c14f8aa402f646f784d13b0f691d898a
16,1,0.9384359400998337,0.9131667540495046,93.44387910701334,0.8562874251497006,0.9700460829493087,0.910828025477707,0.8605562083822953,33.78891545534134,0.7391304347826086,0.9819819819819819,resnet,Sim,Não,adam,0.01,0.2,,c14f8aa402f646f784d13b0f691d898a
17,1,0.940099833610649,0.9087930130522365,117.33790946751833,0.8383233532934131,0.9792626728110599,0.910828025477707,0.8605562083822953,36.77120826393366,0.7391304347826086,0.9819819819819819,resnet,Sim,Não,adam,0.01,0.2,,c14f8aa402f646f784d13b0f691d898a
18,1,0.9334442595673877,0.9005008416347031,88.56585516780615,0.8263473053892215,0.9746543778801844,0.9235668789808917,0.8950254602428517,32.20502436161041,0.8260869565217391,0.963963963963964,resnet,Sim,Não,adam,0.01,0.2,,c14f8aa402f646f784d13b0f691d898a
19,1,0.9484193011647255,0.9329727641491211,95.06896117795259,0.8982035928143712,0.967741935483871,0.9235668789808917,0.8886603995299649,33.24969902634621,0.8043478260869565,0.972972972972973,resnet,Sim,Não,adam,0.01,0.2,,c14f8aa402f646f784d13b0f691d898a
20,1,0.9450915141430949,0.9288266784403543,103.58571639191359,0.8922155688622755,0.9654377880184332,0.8980891719745223,0.8260869565217391,44.61979880928993,0.6521739130434783,1.0,resnet,Sim,Não,adam,0.01,0.2,,c14f8aa402f646f784d13b0f691d898a
21,1,0.9334442595673877,0.9115524710946771,94.14369557052851,0.8622754491017964,0.9608294930875576,0.9235668789808917,0.8886603995299649,34.68910971283913,0.8043478260869565,0.972972972972973,resnet,Sim,Não,adam,0.01,0.2,,c14f8aa402f646f784d13b0f691d898a
22,1,0.9484193011647255,0.9311308259057921,79.5532495714724,0.8922155688622755,0.9700460829493087,0.9235668789808917,0.8759302781041912,32.6694226777181,0.7608695652173914,0.990990990990991,resnet,Sim,Não,adam,0.01,0.2,,c14f8aa402f646f784d13b0f691d898a
23,1,0.9534109816971714,0.9309031706172908,74.97276934608817,0.8802395209580839,0.9815668202764977,0.9044585987261147,0.8369565217391304,39.37345115467906,0.6739130434782609,1.0,resnet,Sim,Não,adam,0.01,0.2,,c14f8aa402f646f784d13b0f691d898a
24,1,0.9467554076539102,0.9262948756864151,85.34777586907148,0.8802395209580839,0.9723502304147466,0.9235668789808917,0.8950254602428517,33.35245929658413,0.8260869565217391,0.963963963963964,resnet,Sim,Não,adam,0.01,0.2,,c14f8aa402f646f784d13b0f691d898a
25,1,0.9467554076539102,0.9226109991997572,86.8207424134016,0.8682634730538922,0.9769585253456221,0.9171974522292994,0.8905209557383471,45.56761860847473,0.8260869565217391,0.954954954954955,resnet,Sim,Não,adam,0.01,0.2,,c14f8aa402f646f784d13b0f691d898a
26,1,0.9434276206322796,0.9295165429509644,94.6524516530335,0.8982035928143712,0.9608294930875576,0.7707006369426752,0.7869173521347435,3076.070474624634,0.8260869565217391,0.7477477477477478,resnet,Sim,Não,adam,0.01,0.2,,c14f8aa402f646f784d13b0f691d898a
27,1,0.9517470881863561,0.9279091586412429,89.11729105561972,0.874251497005988,0.9815668202764977,0.8726114649681529,0.871719545632589,182.8068690598011,0.8695652173913043,0.8738738738738738,resnet,Sim,Não,adam,0.01,0.2,,c14f8aa402f646f784d13b0f691d898a
28,1,0.9500831946755408,0.9359667761251691,72.27220512926579,0.9041916167664671,0.967741935483871,0.8980891719745223,0.8324520172346258,74.9819860458374,0.6739130434782609,0.990990990990991,resnet,Sim,Não,adam,0.01,0.2,,c14f8aa402f646f784d13b0f691d898a
29,1,0.940099833610649,0.9272123954855266,104.11112249363214,0.8982035928143712,0.956221198156682,0.9299363057324841,0.8995299647473561,31.710049152374268,0.8260869565217391,0.972972972972973,resnet,Sim,Não,adam,0.01,0.2,,c14f8aa402f646f784d13b0f691d898a
30,1,0.9550748752079867,0.9357391208366677,79.49058884382248,0.8922155688622755,0.9792626728110599,0.9363057324840764,0.8976694085389738,29.01033615320921,0.8043478260869565,0.990990990990991,resnet,Sim,Não,adam,0.01,0.2,,c14f8aa402f646f784d13b0f691d898a
31,1,0.9600665557404326,0.9465630950081404,71.03142193891108,0.9161676646706587,0.9769585253456221,0.910828025477707,0.8605562083822953,59.38132485188544,0.7391304347826086,0.9819819819819819,resnet,Sim,Não,adam,0.01,0.2,,c14f8aa402f646f784d13b0f691d898a
32,1,0.9517470881863561,0.93343497337123,81.82536466419697,0.8922155688622755,0.9746543778801844,0.9363057324840764,0.8913043478260869,35.63853141665459,0.782608695652174,1.0,resnet,Sim,Não,adam,0.01,0.2,,c14f8aa402f646f784d13b0f691d898a
33,1,0.935108153078203,0.914546483070725,88.80067113786936,0.8682634730538922,0.9608294930875576,0.9171974522292994,0.8905209557383471,41.587317764759064,0.8260869565217391,0.954954954954955,resnet,Sim,Não,adam,0.01,0.2,,c14f8aa402f646f784d13b0f691d898a
34,1,0.9500831946755408,0.93412483788184,76.34780262038112,0.8982035928143712,0.9700460829493087,0.9490445859872612,0.9194085389737563,31.54332308471203,0.8478260869565217,0.990990990990991,resnet,Sim,Não,adam,0.01,0.2,,c14f8aa402f646f784d13b0f691d898a
35,1,0.961730449251248,0.9421893540108722,69.36753440462053,0.8982035928143712,0.9861751152073732,0.9235668789808917,0.8695652173913043,33.308426424860954,0.7391304347826086,1.0,resnet,Sim,Não,adam,0.01,0.2,,c14f8aa402f646f784d13b0f691d898a
36,1,0.9550748752079867,0.9338971825933385,63.906240455806255,0.8862275449101796,0.9815668202764977,0.9171974522292994,0.8714257735996866,38.16209848225117,0.7608695652173914,0.9819819819819819,resnet,Sim,Não,adam,0.01,0.2,,c14f8aa402f646f784d13b0f691d898a
37,1,0.9484193011647255,0.9274469494191341,70.53724614530802,0.8802395209580839,0.9746543778801844,0.9490445859872612,0.9385037211124169,28.69385238364339,0.9130434782608695,0.963963963963964,resnet,Sim,Não,adam,0.01,0.2,,c14f8aa402f646f784d13b0f691d898a
38,1,0.956738768718802,0.9405750710560447,65.27165656257421,0.9041916167664671,0.9769585253456221,0.9363057324840764,0.8976694085389738,35.207731172442436,0.8043478260869565,0.990990990990991,resnet,Sim,Não,adam,0.01,0.2,,c14f8aa402f646f784d13b0f691d898a
39,1,0.9417637271214643,0.9136289632716135,75.49358051270247,0.8502994011976048,0.9769585253456221,0.89171974522293,0.8597728162945554,434.1373063325882,0.782608695652174,0.9369369369369369,resnet,Sim,Não,adam,0.01,0.2,,c14f8aa402f646f784d13b0f691d898a
40,1,0.9434276206322796,0.9184649134909905,76.87981233000755,0.8622754491017964,0.9746543778801844,0.9299363057324841,0.9186251468860165,42.429366171360016,0.8913043478260869,0.9459459459459459,resnet,Sim,Não,adam,0.01,0.2,,c14f8aa402f646f784d13b0f691d898a
41,1,0.956738768718802,0.9368911945693865,73.55298442579806,0.8922155688622755,0.9815668202764977,0.9426751592356688,0.9021739130434783,29.91012814640999,0.8043478260869565,1.0,resnet,Sim,Não,adam,0.01,0.2,,c14f8aa402f646f784d13b0f691d898a
42,1,0.956738768718802,0.9424170092993737,63.24104650784284,0.9101796407185628,0.9746543778801844,0.89171974522293,0.8215824520172347,73.51847417250974,0.6521739130434783,0.990990990990991,resnet,Sim,Não,adam,0.01,0.2,,c14f8aa402f646f784d13b0f691d898a
43,1,0.9484193011647255,0.9311308259057921,73.71555933356285,0.8922155688622755,0.9700460829493087,0.8853503184713376,0.8043478260869565,56.08539816737175,0.6086956521739131,1.0,resnet,Sim,Não,adam,0.01,0.2,,c14f8aa402f646f784d13b0f691d898a
44,1,0.9417637271214643,0.9246805927315875,94.83726532757282,0.8862275449101796,0.9631336405529954,0.9171974522292994,0.8650607128867998,34.6542562879622,0.7391304347826086,0.990990990990991,resnet,Sim,Não,adam,0.01,0.2,,c14f8aa402f646f784d13b0f691d898a
45,1,0.9500831946755408,0.9249151466651949,70.62669848452788,0.8682634730538922,0.9815668202764977,0.8726114649681529,0.8462593027810419,440.87527322769165,0.782608695652174,0.9099099099099099,resnet,Sim,Não,adam,0.01,0.2,,c14f8aa402f646f784d13b0f691d898a
46,1,0.9534109816971714,0.9327451088606198,59.318539910018444,0.8862275449101796,0.9792626728110599,0.910828025477707,0.8478260869565217,37.08656111359596,0.6956521739130435,1.0,resnet,Sim,Não,adam,0.01,0.2,,c14f8aa402f646f784d13b0f691d898a
47,1,0.9584026622296173,0.9325174535721185,77.21419424563646,0.874251497005988,0.9907834101382489,0.9299363057324841,0.8867998433215823,88.87610528618097,0.782608695652174,0.990990990990991,resnet,Sim,Não,adam,0.01,0.2,,c14f8aa402f646f784d13b0f691d898a
48,1,0.9633943427620633,0.9488672424735781,62.58364247903228,0.9161676646706587,0.9815668202764977,0.9363057324840764,0.9040344692518606,35.68558442220092,0.8260869565217391,0.9819819819819819,resnet,Sim,Não,adam,0.01,0.2,,c14f8aa402f646f784d13b0f691d898a
49,1,0.961730449251248,0.9477151687408594,72.96364144049585,0.9161676646706587,0.9792626728110599,0.9299363057324841,0.8867998433215823,32.22784795239568,0.782608695652174,0.990990990990991,resnet,Sim,Não,adam,0.01,0.2,,c14f8aa402f646f784d13b0f691d898a
50,1,0.956738768718802,0.9368911945693865,71.36442064493895,0.8922155688622755,0.9815668202764977,0.9235668789808917,0.8950254602428517,62.058628119528294,0.8260869565217391,0.963963963963964,resnet,Sim,Não,adam,0.01,0.2,,c14f8aa402f646f784d13b0f691d898a
51,1,0.9500831946755408,0.9285990231518529,59.83144100382924,0.8802395209580839,0.9769585253456221,0.9490445859872612,0.9194085389737563,32.18920849263668,0.8478260869565217,0.990990990990991,resnet,Sim,Não,adam,0.01,0.2,,c14f8aa402f646f784d13b0f691d898a
52,1,0.9650582362728786,0.951861254449626,61.59966004639864,0.9221556886227545,0.9815668202764977,0.9299363057324841,0.9058950254602428,36.70430490374565,0.8478260869565217,0.963963963963964,resnet,Sim,Não,adam,0.01,0.2,,c14f8aa402f646f784d13b0f691d898a
53,1,0.9584026622296173,0.9472529595187505,70.31762179732323,0.9221556886227545,0.9723502304147466,0.9363057324840764,0.8976694085389738,34.85201555490494,0.8043478260869565,0.990990990990991,resnet,Sim,Não,adam,0.01,0.2,,c14f8aa402f646f784d13b0f691d898a
54,1,0.9417637271214643,0.9228386544882584,99.17773370444775,0.8802395209580839,0.9654377880184332,0.89171974522293,0.8534077555816687,598.6692155599594,0.7608695652173914,0.9459459459459459,resnet,Sim,Não,adam,0.01,0.2,,c14f8aa402f646f784d13b0f691d898a
55,1,0.9584026622296173,0.9472529595187505,63.3483874630183,0.9221556886227545,0.9723502304147466,0.8980891719745223,0.8260869565217391,44.11865933984518,0.6521739130434783,1.0,resnet,Sim,Não,adam,0.01,0.2,,c14f8aa402f646f784d13b0f691d898a
56,1,0.9534109816971714,0.9327451088606198,72.18522909097373,0.8862275449101796,0.9792626728110599,0.9363057324840764,0.8976694085389738,31.936361841857433,0.8043478260869565,0.990990990990991,resnet,Sim,Não,adam,0.01,0.2,,c14f8aa402f646f784d13b0f691d898a
57,1,0.9650582362728786,0.9463354397196392,56.36396018974483,0.9041916167664671,0.988479262672811,0.910828025477707,0.8987465726596161,59.74241453409195,0.8695652173913043,0.9279279279279279,resnet,Sim,Não,adam,0.01,0.2,,c14f8aa402f646f784d13b0f691d898a
58,1,0.9484193011647255,0.9311308259057921,84.02114678919315,0.8922155688622755,0.9700460829493087,0.9299363057324841,0.8931649040344692,29.84602242708206,0.8043478260869565,0.9819819819819819,resnet,Sim,Não,adam,0.01,0.2,,c14f8aa402f646f784d13b0f691d898a
59,1,0.961730449251248,0.9458732304975304,65.97015602048486,0.9101796407185628,0.9815668202764977,0.9235668789808917,0.8759302781041912,33.14035691320896,0.7608695652173914,0.990990990990991,resnet,Sim,Não,adam,0.01,0.2,,c14f8aa402f646f784d13b0f691d898a
60,1,0.9500831946755408,0.9212312701785369,71.84254758618772,0.8562874251497006,0.9861751152073732,0.9299363057324841,0.8995299647473561,29.81089276075363,0.8260869565217391,0.972972972972973,resnet,Sim,Não,adam,0.01,0.2,,c14f8aa402f646f784d13b0f691d898a
61,1,0.961730449251248,0.9513990452275173,65.74309498630464,0.9281437125748503,0.9746543778801844,0.9235668789808917,0.8950254602428517,30.76337331533432,0.8260869565217391,0.963963963963964,resnet,Sim,Não,adam,0.01,0.2,,c14f8aa402f646f784d13b0f691d898a
62,1,0.9584026622296173,0.9435690830320925,57.60913895186968,0.9101796407185628,0.9769585253456221,0.9171974522292994,0.8650607128867998,36.743770917877555,0.7391304347826086,0.990990990990991,resnet,Sim,Não,adam,0.01,0.2,,c14f8aa402f646f784d13b0f691d898a
63,1,0.9517470881863561,0.9315930351279008,68.62112877890468,0.8862275449101796,0.9769585253456221,0.9299363057324841,0.9122600861731297,33.086223125457764,0.8695652173913043,0.954954954954955,resnet,Sim,Não,adam,0.01,0.2,,c14f8aa402f646f784d13b0f691d898a
64,1,0.9600665557404326,0.9484050332514694,56.62112291902304,0.9221556886227545,0.9746543778801844,0.89171974522293,0.8470426948687818,181.85935005173087,0.7391304347826086,0.954954954954955,resnet,Sim,Não,adam,0.01,0.2,,c14f8aa402f646f784d13b0f691d898a
65,1,0.9600665557404326,0.9391953420348244,59.38387705758214,0.8922155688622755,0.9861751152073732,0.89171974522293,0.8915981198589894,659.9415489807725,0.8913043478260869,0.8918918918918919,resnet,Sim,Não,adam,0.01,0.2,,c14f8aa402f646f784d13b0f691d898a
66,1,0.956738768718802,0.9405750710560447,64.49309806514066,0.9041916167664671,0.9769585253456221,0.9299363057324841,0.8931649040344692,33.67462204396725,0.8043478260869565,0.9819819819819819,resnet,Sim,Não,adam,0.01,0.2,,c14f8aa402f646f784d13b0f691d898a
67,1,0.9584026622296173,0.9417271447887636,62.65265214815736,0.9041916167664671,0.9792626728110599,0.9235668789808917,0.8695652173913043,39.010086208581924,0.7391304347826086,1.0,resnet,Sim,Não,adam,0.01,0.2,,c14f8aa402f646f784d13b0f691d898a
68,1,0.9584026622296173,0.9380432683021055,66.35965521237813,0.8922155688622755,0.9838709677419355,0.9490445859872612,0.9194085389737563,30.185599204152822,0.8478260869565217,0.990990990990991,resnet,Sim,Não,adam,0.01,0.2,,c14f8aa402f646f784d13b0f691d898a
69,1,0.9667221297836939,0.953013328182345,57.175910172984004,0.9221556886227545,0.9838709677419355,0.9235668789808917,0.8759302781041912,33.132507652044296,0.7608695652173914,0.990990990990991,resnet,Sim,Não,adam,0.01,0.2,,c14f8aa402f646f784d13b0f691d898a
70,1,0.9650582362728786,0.951861254449626,60.52312547713518,0.9221556886227545,0.9815668202764977,0.9235668789808917,0.8759302781041912,33.45455439388752,0.7608695652173914,0.990990990990991,resnet,Sim,Não,adam,0.01,0.2,,c14f8aa402f646f784d13b0f691d898a
71,1,0.9584026622296173,0.9362013300587764,61.39191058091819,0.8862275449101796,0.9861751152073732,0.9235668789808917,0.8759302781041912,34.30315236747265,0.7608695652173914,0.990990990990991,resnet,Sim,Não,adam,0.01,0.2,,c14f8aa402f646f784d13b0f691d898a
72,1,0.9500831946755408,0.923073208421866,67.4770164070651,0.8622754491017964,0.9838709677419355,0.9299363057324841,0.9058950254602428,114.39738050103188,0.8478260869565217,0.963963963963964,resnet,Sim,Não,adam,0.01,0.2,,c14f8aa402f646f784d13b0f691d898a
73,1,0.956738768718802,0.9442589475427027,84.99155781461741,0.9161676646706587,0.9723502304147466,0.9171974522292994,0.8650607128867998,39.799091428518295,0.7391304347826086,0.990990990990991,resnet,Sim,Não,adam,0.01,0.2,,c14f8aa402f646f784d13b0f691d898a
74,1,0.9650582362728786,0.9500193162062971,65.48037409037352,0.9161676646706587,0.9838709677419355,0.9363057324840764,0.8976694085389738,32.225604832172394,0.8043478260869565,0.990990990990991,resnet,Sim,Não,adam,0.01,0.2,,c14f8aa402f646f784d13b0f691d898a
75,1,0.9633943427620633,0.9507091807169071,69.23107472062111,0.9221556886227545,0.9792626728110599,0.9171974522292994,0.8650607128867998,37.900508631020784,0.7391304347826086,0.990990990990991,resnet,Sim,Não,adam,0.01,0.2,,c14f8aa402f646f784d13b0f691d898a
76,1,0.9650582362728786,0.9500193162062971,56.21222449094057,0.9161676646706587,0.9838709677419355,0.9299363057324841,0.9122600861731297,29.37721213698387,0.8695652173913043,0.954954954954955,resnet,Sim,Não,adam,0.01,0.2,,c14f8aa402f646f784d13b0f691d898a
77,1,0.9667221297836939,0.953013328182345,58.13318417686969,0.9221556886227545,0.9838709677419355,0.9171974522292994,0.8586956521739131,34.94286818802357,0.717391304347826,1.0,resnet,Sim,Não,adam,0.01,0.2,,c14f8aa402f646f784d13b0f691d898a
78,1,0.9417637271214643,0.9099450867849554,76.25248267035931,0.8383233532934131,0.9815668202764977,0.9426751592356688,0.9149040344692518,26.489463657140732,0.8478260869565217,0.9819819819819819,resnet,Sim,Não,adam,0.01,0.2,,c14f8aa402f646f784d13b0f691d898a
79,1,0.9667221297836939,0.949329451695687,64.91832588985562,0.9101796407185628,0.988479262672811,0.9426751592356688,0.9212690951821386,88.58705368638039,0.8695652173913043,0.972972972972973,resnet,Sim,Não,adam,0.01,0.2,,c14f8aa402f646f784d13b0f691d898a
80,1,0.9683860232945092,0.959691216645051,60.01272395066917,0.9401197604790419,0.9792626728110599,0.910828025477707,0.8478260869565217,46.60741662979126,0.6956521739130435,1.0,resnet,Sim,Não,adam,0.01,0.2,,c14f8aa402f646f784d13b0f691d898a
81,1,0.9384359400998337,0.9131667540495046,86.87643226236105,0.8562874251497006,0.9700460829493087,0.9363057324840764,0.9167645906776342,29.23219618573785,0.8695652173913043,0.963963963963964,resnet,Sim,Não,adam,0.01,0.2,,c14f8aa402f646f784d13b0f691d898a
82,1,0.9683860232945092,0.9560073401583928,58.752272330224514,0.9281437125748503,0.9838709677419355,0.9426751592356688,0.9149040344692518,31.402632109820843,0.8478260869565217,0.9819819819819819,resnet,Sim,Não,adam,0.01,0.2,,c14f8aa402f646f784d13b0f691d898a
83,1,0.9717138103161398,0.9583114876238307,60.17657363926992,0.9281437125748503,0.988479262672811,0.89171974522293,0.8279475127301213,253.35478189587593,0.6739130434782609,0.9819819819819819,resnet,Sim,Não,adam,0.01,0.2,,c14f8aa402f646f784d13b0f691d898a
84,1,0.9550748752079867,0.9320552443500096,65.3175997287035,0.8802395209580839,0.9838709677419355,0.9363057324840764,0.9103995299647474,31.158165872097015,0.8478260869565217,0.972972972972973,resnet,Sim,Não,adam,0.01,0.2,,c14f8aa402f646f784d13b0f691d898a
85,1,0.956738768718802,0.9350492563260575,73.70992456376553,0.8862275449101796,0.9838709677419355,0.9363057324840764,0.9103995299647474,27.08708143606782,0.8478260869565217,0.972972972972973,resnet,Sim,Não,adam,0.01,0.2,,c14f8aa402f646f784d13b0f691d898a
86,1,0.9633943427620633,0.9562349954468943,60.00515562668443,0.9401197604790419,0.9723502304147466,0.9363057324840764,0.8976694085389738,36.03984773531556,0.8043478260869565,0.990990990990991,resnet,Sim,Não,adam,0.01,0.2,,c14f8aa402f646f784d13b0f691d898a
87,1,0.9633943427620633,0.9470253042302492,59.78758809901774,0.9101796407185628,0.9838709677419355,0.6815286624203822,0.7429494712103407,2593.3132667541504,0.8913043478260869,0.5945945945945946,resnet,Sim,Não,adam,0.01,0.2,,c14f8aa402f646f784d13b0f691d898a
88,1,0.956738768718802,0.9368911945693865,58.848318345844746,0.8922155688622755,0.9815668202764977,0.9299363057324841,0.9122600861731297,27.583280071616173,0.8695652173913043,0.954954954954955,resnet,Sim,Não,adam,0.01,0.2,,c14f8aa402f646f784d13b0f691d898a
89,1,0.9600665557404326,0.9484050332514694,62.954804576933384,0.9221556886227545,0.9746543778801844,0.9426751592356688,0.908538973756365,35.15854477882385,0.8260869565217391,0.990990990990991,resnet,Sim,Não,adam,0.01,0.2,,c14f8aa402f646f784d13b0f691d898a
90,1,0.9700499168053245,0.9590013521344409,60.36124421842396,0.9341317365269461,0.9838709677419355,0.9363057324840764,0.9040344692518606,42.535551864653826,0.8260869565217391,0.9819819819819819,resnet,Sim,Não,adam,0.01,0.2,,c14f8aa402f646f784d13b0f691d898a
91,1,0.961730449251248,0.9458732304975304,66.1726510473527,0.9101796407185628,0.9815668202764977,0.9363057324840764,0.9103995299647474,27.023311898112297,0.8478260869565217,0.972972972972973,resnet,Sim,Não,adam,0.01,0.2,,c14f8aa402f646f784d13b0f691d898a
92,1,0.9633943427620633,0.9507091807169071,58.13295506965369,0.9221556886227545,0.9792626728110599,0.9171974522292994,0.8650607128867998,31.55360997468233,0.7391304347826086,0.990990990990991,resnet,Sim,Não,adam,0.01,0.2,,c14f8aa402f646f784d13b0f691d898a
93,1,0.9450915141430949,0.9398783079003283,84.32176205702126,0.9281437125748503,0.9516129032258065,0.8598726114649682,0.767234625930278,376.5854957103729,0.5434782608695652,0.990990990990991,resnet,Sim,Não,adam,0.01,0.2,,c14f8aa402f646f784d13b0f691d898a
94,1,0.9650582362728786,0.9537031926929551,65.77055986691266,0.9281437125748503,0.9792626728110599,0.9171974522292994,0.8968860164512339,76.60840222239494,0.8478260869565217,0.9459459459459459,resnet,Sim,Não,adam,0.01,0.2,,c14f8aa402f646f784d13b0f691d898a
95,1,0.9517470881863561,0.93343497337123,69.36894124001265,0.8922155688622755,0.9746543778801844,0.9299363057324841,0.9058950254602428,30.15829546749592,0.8478260869565217,0.963963963963964,resnet,Sim,Não,adam,0.01,0.2,,c14f8aa402f646f784d13b0f691d898a
96,1,0.956738768718802,0.9497847622726897,77.22420347156003,0.9341317365269461,0.9654377880184332,0.910828025477707,0.8541911476694085,65.47645661234856,0.717391304347826,0.990990990990991,resnet,Sim,Não,adam,0.01,0.2,,c14f8aa402f646f784d13b0f691d898a
97,1,0.9217970049916806,0.9145395844256187,110.86526360618882,0.8982035928143712,0.9308755760368663,0.9171974522292994,0.9159811985898942,27.452170580625534,0.9130434782608695,0.918918918918919,resnet,Sim,Não,adam,0.01,0.2,,c14f8aa402f646f784d13b0f691d898a
98,1,0.9534109816971714,0.9290612323739618,83.6826702831313,0.874251497005988,0.9838709677419355,0.9490445859872612,0.9194085389737563,34.89085265994072,0.8478260869565217,0.990990990990991,resnet,Sim,Não,adam,0.01,0.2,,c14f8aa402f646f784d13b0f691d898a
99,1,0.9667221297836939,0.9548552664256739,57.12373073399067,0.9281437125748503,0.9815668202764977,0.9171974522292994,0.8650607128867998,45.94006100669503,0.7391304347826086,0.990990990990991,resnet,Sim,Não,adam,0.01,0.2,,c14f8aa402f646f784d13b0f691d898a
100,1,0.956738768718802,0.9461008857860316,74.508027555421,0.9221556886227545,0.9700460829493087,0.9426751592356688,0.9149040344692518,32.76358883827925,0.8478260869565217,0.9819819819819819,resnet,Sim,Não,adam,0.01,0.2,,c14f8aa402f646f784d13b0f691d898a
1,1,0.6514851485148515,0.5585616438356165,314.7197429537773,0.35,0.7671232876712328,0.7430830039525691,0.5873668188736682,134.45393562316895,0.2191780821917808,0.9555555555555556,regnet,Não,Não,adam,0.0001,,3.0,fdd82b2dbb1f40a8a373f110a7c94b66
2,1,0.7386138613861386,0.5770058708414872,269.84113734960556,0.21428571428571427,0.9397260273972603,0.7391304347826086,0.5886605783866058,129.9387445449829,0.2328767123287671,0.9444444444444444,regnet,Não,Não,adam,0.0001,,3.0,fdd82b2dbb1f40a8a373f110a7c94b66
3,1,0.7702970297029703,0.6253424657534247,240.95723047852516,0.3,0.9506849315068493,0.758893280632411,0.6025494672754947,125.59522938728333,0.2328767123287671,0.9722222222222222,regnet,Não,Não,adam,0.0001,,3.0,fdd82b2dbb1f40a8a373f110a7c94b66
1,2,0.5346534653465347,0.5353103084231959,347.6726704239845,0.5369127516778524,0.5337078651685393,0.7312252964426877,0.6392609126984127,142.84753620624542,0.453125,0.8253968253968254,regnet,Não,Não,adam,0.0001,,3.0,fdd82b2dbb1f40a8a373f110a7c94b66
2,2,0.7227722772277227,0.6121521755523717,275.56378465890884,0.3422818791946309,0.8820224719101124,0.7391304347826086,0.6290509259259259,129.3324075937271,0.40625,0.8518518518518519,regnet,Não,Não,adam,0.0001,,3.0,fdd82b2dbb1f40a8a373f110a7c94b66
3,2,0.7504950495049505,0.6279126762687581,261.5254272520542,0.3288590604026846,0.9269662921348315,0.7667984189723319,0.626901455026455,124.60905683040619,0.34375,0.91005291005291,regnet,Não,Não,adam,0.0001,,3.0,fdd82b2dbb1f40a8a373f110a7c94b66
1,3,0.4367588932806324,0.5312147647023915,385.1779342889786,0.7372262773722628,0.3252032520325203,0.7182539682539683,0.6151315789473684,143.03492164611816,0.35526315789473684,0.875,regnet,Não,Não,adam,0.0001,,3.0,fdd82b2dbb1f40a8a373f110a7c94b66
2,3,0.7134387351778656,0.6268371807805668,284.5602590441704,0.43795620437956206,0.8157181571815718,0.75,0.6341208133971292,133.93328380584717,0.34210526315789475,0.9261363636363636,regnet,Não,Não,adam,0.0001,,3.0,fdd82b2dbb1f40a8a373f110a7c94b66
3,3,0.7490118577075098,0.5961565090103457,255.725381731987,0.26277372262773724,0.9295392953929539,0.738095238095238,0.5956937799043063,132.62988185882568,0.23684210526315788,0.9545454545454546,regnet,Não,Não,adam,0.0001,,3.0,fdd82b2dbb1f40a8a373f110a7c94b66
