model_id,k_fold,frac_val,val_best_acc,val_best_auc,val_best_sp,val_best_sn,val_avg_acc,val_avg_auc,val_avg_sp,val_avg_sn,train_best_acc,train_best_auc,train_best_sp,train_best_sn,train_avg_acc,train_avg_auc,train_avg_sp,train_avg_sn,host_name,is_inception,optim,lr,epochs,double_img,output_tab,backbone,feature_extract,early_start
96e76668428146d3b8a0c3d632358ac0,,0.2,0.7707006369426752,0.6988836662749706,1.0,0.6956521739130435,0.7053503184713376,0.5566872307089697,0.9157657657657656,0.1976086956521739,0.7903494176372712,0.6717900604321312,1.0,0.4311377245508982,0.7454908485856906,0.5835716355307818,0.948041474654378,0.2191017964071856,magneto,False,radam,0.01,100,0,,regnet,False,100
81e4eabb5e414187acaf9cd58ef27513,,0.2,0.8535031847133758,0.7696827262044654,1.0,0.9130434782608696,0.7568789808917199,0.6961790050920486,0.8427927927927925,0.5495652173913043,0.9334442595673876,0.902342779878032,0.976958525345622,0.8383233532934131,0.8611480865224627,0.8054815254284057,0.9307834101382488,0.680179640718563,magneto,False,sgd,0.01,100,0,,regnet,False,100
cc0aaf5478b14c648e8d4dd2a3459233,,0.2,0.713375796178344,0.5235996866431649,1.0,1.0,0.7021656050955414,0.500268311790051,0.987927927927928,0.0126086956521739,0.7221297836938436,0.5018419382433289,1.0,0.0479041916167664,0.7217138103161399,0.4999330141560197,0.999147465437788,0.0007185628742514,magneto,False,adam,0.01,100,0,,regnet,False,100
2eb1af5cc314449fb4f2e1fb05221bf2,,0.2,0.8152866242038217,0.7614571092831962,1.0,0.8260869565217391,0.7524203821656051,0.6572542107324716,0.8871171171171172,0.4273913043478262,0.8419301164725458,0.7726689478186486,0.967741935483871,0.6167664670658682,0.7953410981697171,0.6877314495433096,0.9299539170506914,0.4455089820359281,magneto,False,ranger,0.01,100,0,,regnet,False,100
9661432ba90949c8b41478341c45a3d4,,0.2,0.7961783439490446,0.6832158245201724,1.0,0.9565217391304348,0.7015923566878982,0.5776439482961222,0.8770270270270271,0.2782608695652174,0.7970049916805325,0.6932034548414693,0.97926267281106,0.497005988023952,0.7591680532445925,0.6157159413891111,0.9386175115207374,0.292814371257485,magneto,False,radam,0.01,100,0,,regnet,False,100
d344097ccddb4a5f989910e081086b33,,0.2,0.8535031847133758,0.8009204857030943,0.981981981981982,0.8478260869565217,0.7612101910828027,0.7086623580101841,0.8355855855855855,0.5817391304347825,0.9334442595673876,0.9018805706559232,0.9838709677419356,0.844311377245509,0.8549750415973376,0.7964182924473634,0.9282258064516128,0.6646107784431138,magneto,False,sgd,0.01,100,0,,regnet,False,100
89e01b1723034affacd87c413832c28e,,0.2,0.8471337579617835,0.7836858597728164,0.990990990990991,0.8043478260869565,0.7578980891719748,0.670039169604387,0.8822522522522521,0.4578260869565216,0.8386023294509152,0.7648389856232235,0.9608294930875576,0.5988023952095808,0.797603993344426,0.6925585005104997,0.9290092165898618,0.4561077844311377,magneto,False,ranger,0.01,100,0,,regnet,False,100
7e05a42853f4408c9014f3a2bdcb4cac,,0.2,0.713375796178344,0.517234625930278,1.0,0.3043478260869565,0.7018471337579619,0.4992156286721503,0.9886486486486488,0.0097826086956521,0.7221297836938436,0.5043737409972682,1.0,0.0718562874251497,0.7213643926788689,0.500077885703248,0.9981797235023042,0.0019760479041916,magneto,False,adam,0.01,100,0,,regnet,False,100
230254ebef2645ee8e59109c3be93dd4,,0.2,0.8471337579617835,0.7779083431257344,0.981981981981982,0.8478260869565217,0.757579617834395,0.7003025851938895,0.8386486486486485,0.5619565217391304,0.9434276206322796,0.9203068517343196,0.976958525345622,0.8682634730538922,0.8590183028286189,0.8032700957531942,0.9287557603686636,0.6777844311377246,magneto,False,sgd,0.01,100,0,,regnet,False,100
9126ad0608254d3daaf4bb06a4b993a2,,0.2,0.821656050955414,0.7426556991774382,1.0,0.8913043478260869,0.7482802547770703,0.6507618488053271,0.8863063063063064,0.4152173913043477,0.8352745424292846,0.7464127045448274,0.9585253456221198,0.5688622754491018,0.7910815307820299,0.6796983912359613,0.930414746543779,0.4289820359281437,magneto,False,ranger,0.01,100,0,,regnet,False,100
62ce07901dbd49e382707488feb42ac2,,0.2,0.7834394904458599,0.713768115942029,1.0,0.8260869565217391,0.703503184713376,0.5919800235017627,0.8613513513513513,0.3226086956521739,0.8069883527454244,0.6913753138883524,0.9746543778801844,0.4311377245508982,0.7647753743760398,0.62691092469439,0.9372350230414748,0.3165868263473054,magneto,False,radam,0.01,100,0,,regnet,False,100
53cc176b7c00438ebc08a6305225b17b,,0.2,0.7070063694267517,0.5063650607128869,1.0,0.7608695652173914,0.6979617834394906,0.4985683509596553,0.9801801801801802,0.0169565217391304,0.7221297836938436,0.5080576174839261,1.0,0.059880239520958,0.7215141430948421,0.4999052816026932,0.9987327188940092,0.0010778443113772,magneto,False,adam,0.01,100,0,,regnet,False,100
51db9c6ab91041ca84189c780ce559fd,,0.2,0.7197452229299364,0.5605170387779084,1.0,0.391304347826087,0.7054777070063696,0.5014649432040736,0.9942342342342344,0.008695652173913,0.7237936772046589,0.504835950219377,1.0,0.059880239520958,0.7213643926788688,0.500077885703248,0.9981797235023042,0.0019760479041916,magneto,False,adam,0.01,100,0,,regnet,False,100
c5ca0f53cbd841eca6db71bcba76b873,,0.2,0.8471337579617835,0.7874069721895809,0.990990990990991,0.8478260869565217,0.7663057324840765,0.7090834312573442,0.8472972972972973,0.5708695652173913,0.9467554076539102,0.928136813929744,0.9723502304147466,0.8862275449101796,0.8630615640599004,0.8091456717900605,0.9305069124423964,0.6877844311377247,magneto,False,sgd,0.01,100,0,,regnet,False,100
68b84dabfe464d8583423b6808a3ae9c,,0.2,0.821656050955414,0.7667450058754407,0.990990990990991,0.8260869565217391,0.7514649681528663,0.6592518605562083,0.881981981981982,0.4365217391304347,0.8336106489184693,0.752173073208422,0.9539170506912442,0.5748502994011976,0.7907154742096506,0.6807895499323934,0.9282258064516128,0.4333532934131736,magneto,False,ranger,0.01,100,0,,regnet,False,100
e3cad561d53c4e71bbbc9c1a337bdbf2,,0.2,0.7770700636942676,0.6988836662749706,1.0,0.9782608695652174,0.6998089171974522,0.5859939287113201,0.8609009009009009,0.3110869565217391,0.805324459234609,0.6736457959656723,0.9700460829493088,0.4251497005988024,0.7594841930116474,0.6150875438063965,0.940115207373272,0.2900598802395209,magneto,False,radam,0.01,100,0,,regnet,False,100
32affbbcac12427a84e10af5e44db802,,0.2,0.8471337579617835,0.7903446925186056,1.0,0.8260869565217391,0.7696178343949045,0.6910575793184489,0.8808108108108107,0.5013043478260869,0.9467554076539102,0.9226109991997572,0.976958525345622,0.874251497005988,0.8722628951747089,0.8223133916498798,0.9347465437788018,0.7098802395209581,magneto,False,sgd,0.01,100,0,,mobile,False,100
89b1209eca2e44eeb1b59061fa687789,,0.2,0.821656050955414,0.7760477869173522,1.0,0.9130434782608696,0.7255414012738853,0.6453740697218958,0.839009009009009,0.4517391304347826,0.8435940099833611,0.7627693920913933,0.9539170506912442,0.5808383233532934,0.8015141430948417,0.7033704020530369,0.9242857142857144,0.4824550898203593,magneto,False,ranger,0.01,100,0,,mobile,False,100
0de11e06a2444858bcdfac8ebf136a7a,,0.2,0.7070063694267517,0.5304543674108892,1.0,1.0,0.6939490445859875,0.5004406580493537,0.9678378378378376,0.0330434782608695,0.7221297836938436,0.5080162256132895,1.0,0.2215568862275449,0.7187520798668888,0.4996505836253759,0.9928341013824884,0.0064670658682634,magneto,False,adam,0.01,100,0,,mobile,False,100
de2371ef299b4e109f4d8cc7b8a16d43,,0.2,0.7707006369426752,0.6904622013317665,1.0,1.0,0.616751592356688,0.5501057579318449,0.711081081081081,0.3891304347826086,0.7870216306156406,0.6697135682551947,1.0,0.4431137724550898,0.7414143094841933,0.5876010651508045,0.9338248847926268,0.241377245508982,magneto,False,radam,0.01,100,0,,mobile,False,100
2681ca9e9e6f42c9830af1eedb7d52c6,,0.2,0.7579617834394905,0.6463963963963965,1.0,1.0,0.6726751592356689,0.5159479044261652,0.8945045045045045,0.1373913043478261,0.7687188019966722,0.6501352134440795,1.0,0.4131736526946107,0.7212479201331117,0.5282709925770579,0.9626497695852536,0.0938922155688622,magneto,False,radam,0.01,100,0,,mobile,False,100
260df0ed839b48529e1996697bac30ef,,0.2,0.8343949044585988,0.7847630238934586,1.0,0.8043478260869565,0.7587898089171976,0.6918654524089307,0.8535135135135136,0.5302173913043479,0.9450915141430948,0.9276746047076354,0.976958525345622,0.8922155688622755,0.8784525790349419,0.8312039515439169,0.937557603686636,0.7248502994011975,magneto,False,sgd,0.01,100,0,,mobile,False,100
aed25760dac24cd390a0934a2a5ca1d2,,0.2,0.8152866242038217,0.7752643948296122,1.0,0.9347826086956522,0.7228025477707007,0.6456649040344693,0.831981981981982,0.4593478260869565,0.848585690515807,0.777277242749524,0.9631336405529954,0.6167664670658682,0.8013477537437603,0.7034946466513975,0.9237557603686638,0.4832335329341317,magneto,False,ranger,0.01,100,0,,mobile,False,100
1c7ee5ba26ff4ed4b2fb0593a72d6159,,0.2,0.713375796178344,0.5254602428515472,1.0,1.0,0.6882802547770703,0.5001233842538191,0.9545945945945944,0.0456521739130434,0.7254575707154742,0.530623085625983,1.0,0.2754491017964072,0.7192678868552415,0.5003761141311847,0.9930875576036868,0.0076646706586826,magneto,False,adam,0.01,100,0,,mobile,False,100
3c190915d79e44d09bb72fe3852cb423,,0.2,0.7388535031847134,0.6586368977673325,1.0,1.0,0.6408917197452229,0.5291784175479827,0.7990090090090091,0.2593478260869565,0.78369384359401,0.6402494550070367,1.0,0.3353293413173652,0.7287687188019967,0.5565210132729932,0.9442396313364056,0.1688023952095808,magneto,False,radam,0.01,100,0,,mobile,False,100
2a4d7083c0ed4bb3942911e8165aec4d,,0.2,0.8280254777070064,0.7574422248335291,1.0,0.9565217391304348,0.7198726114649682,0.6477301214257737,0.821981981981982,0.4734782608695652,0.8435940099833611,0.7682952068213802,0.9631336405529954,0.5988023952095808,0.8015973377703826,0.703446425122106,0.924377880184332,0.4825149700598803,magneto,False,ranger,0.01,100,0,,mobile,False,100
1c7fa00a19bb4de8a88b7ac8eaa85ffd,,0.2,0.8407643312101911,0.804641598119859,1.0,0.8260869565217391,0.7759235668789809,0.7144212690951821,0.862972972972973,0.5658695652173913,0.9500831946755408,0.9285990231518528,0.9838709677419356,0.8802395209580839,0.8812978369384361,0.83571587240266,0.9383179723502304,0.7331137724550899,magneto,False,sgd,0.01,100,0,,mobile,False,100
6d0601ec056b418aa8412df61fd8a8bc,,0.2,0.713375796178344,0.5966509988249119,1.0,1.0,0.6712738853503187,0.5021631414022718,0.9106306306306304,0.093695652173913,0.7254575707154742,0.5160876403874279,1.0,0.2395209580838323,0.7164725457570716,0.5002641491211126,0.9869354838709676,0.0135928143712574,magneto,False,adam,0.01,100,0,,mobile,False,100
1265f7d578ec402380d8e3608bc64154,,0.2,0.8471337579617835,0.7836858597728164,0.990990990990991,0.8043478260869565,0.7653503184713376,0.6952320799059929,0.8645945945945946,0.5258695652173913,0.9500831946755408,0.9322828996385112,0.97926267281106,0.8922155688622755,0.8833444259567387,0.8386064736885674,0.9393087557603688,0.7379041916167663,magneto,False,sgd,0.01,100,0,,mobile,False,100
c1b9846def834b139efb3199978e2bc1,,0.2,0.713375796178344,0.5108695652173914,1.0,1.0,0.6952866242038218,0.5000499412455934,0.9716216216216216,0.0284782608695652,0.7254575707154742,0.5170396534120698,1.0,0.2395209580838323,0.7177703826955077,0.5000391843042027,0.9901382488479262,0.009940119760479,magneto,False,adam,0.01,100,0,,mobile,False,100
eb789de8f5b041a4be7e34cfa5ec8dc5,,0.2,0.7579617834394905,0.7097532314923619,1.0,1.0,0.6468789808917198,0.523737759498629,0.8211711711711712,0.2263043478260869,0.7603993344425957,0.614910731532327,1.0,0.3233532934131736,0.722495840266223,0.5251196225061399,0.9694009216589862,0.0808383233532934,magneto,False,radam,0.01,100,0,,mobile,False,100
b07ad2c5bf5545759fb82b790b1c277a,,0.2,0.8280254777070064,0.7423619271445357,1.0,0.9130434782608696,0.7311464968152868,0.6446915393654524,0.8535135135135136,0.4358695652173912,0.8419301164725458,0.7634592566020033,0.956221198156682,0.6107784431137725,0.799234608985025,0.7004842848864483,0.9227649769585256,0.4782035928143712,magneto,False,ranger,0.01,100,0,,mobile,False,100
30b81c20373c4f6eadc0efd016b987d1,,0.2,0.8535031847133758,0.8038582060321191,1.0,0.8260869565217391,0.7865605095541404,0.720288875832354,0.8803603603603605,0.5602173913043479,0.9367720465890184,0.9041847181213608,0.9861751152073732,0.8383233532934131,0.8699001663893509,0.8066971356825519,0.9489631336405528,0.6644311377245511,magneto,False,sgd,0.01,100,0,,shuffle,False,100
115fd397b3a946de956560e2011c3f78,,0.2,0.8280254777070064,0.7847630238934586,1.0,0.8260869565217391,0.7726114649681528,0.694702311006659,0.8828828828828829,0.5065217391304347,0.8735440931780366,0.8129777311735975,0.9930875576036866,0.6766467065868264,0.8142262895174709,0.714898313971136,0.9384792626728112,0.491317365269461,magneto,False,ranger,0.01,100,0,,shuffle,False,100
e25d615d543b434c9c3811c2137ad75f,,0.2,0.8343949044585988,0.7447121034077556,1.0,0.9130434782608696,0.7478980891719748,0.6497277712495104,0.8868468468468468,0.4126086956521739,0.8336106489184693,0.7411214437484478,0.9654377880184332,0.5329341317365269,0.781198003327787,0.6538094318275891,0.940552995391705,0.367065868263473,magneto,False,radam,0.01,100,0,,shuffle,False,100
2a9333a060414f748291832bf6f5ae4a,,0.2,0.8152866242038217,0.7266940853897376,1.0,0.782608695652174,0.70343949044586,0.5554631805718762,0.9128828828828828,0.1980434782608695,0.8069883527454244,0.6803236844283782,1.0,0.4131736526946107,0.7397171381031614,0.5561076464582356,0.9694009216589862,0.142814371257485,magneto,False,adam,0.01,100,0,,shuffle,False,100
2265f377ef5a4b99a70f2b73dd5291c1,,0.2,0.8407643312101911,0.7948491970231101,0.981981981981982,0.8695652173913043,0.7832484076433119,0.715909714061888,0.8785585585585585,0.5532608695652174,0.935108153078203,0.8979690388807637,0.9838709677419356,0.8263473053892215,0.8667387687188018,0.8022057727862248,0.9474654377880184,0.6569461077844312,magneto,False,sgd,0.01,100,0,,shuffle,False,100
f2d43285c5af41d1b5db0e2df3881c83,,0.2,0.8343949044585988,0.7967097532314923,1.0,0.8913043478260869,0.7747133757961783,0.6971435566000784,0.8845045045045045,0.5097826086956522,0.8718801996672213,0.8056030795551754,0.9930875576036866,0.6826347305389222,0.8159567387687187,0.718141022103259,0.9383179723502304,0.4979640718562875,magneto,False,ranger,0.01,100,0,,shuffle,False,100
fee7ed212d714bf991912d4fd816e1de,,0.2,0.8280254777070064,0.7445162553858207,1.0,0.8043478260869565,0.7144585987261146,0.5792959263611438,0.9057657657657658,0.2528260869565218,0.8019966722129784,0.6833107977593201,1.0,0.4311377245508982,0.7474542429284525,0.5755740362592785,0.9624654377880184,0.1886826347305389,magneto,False,adam,0.01,100,0,,shuffle,False,100
dfe87612e7364745bb7d63a3f659139d,,0.2,0.8089171974522293,0.7479435957696827,1.0,0.8043478260869565,0.7410828025477707,0.6433803368585977,0.8793693693693696,0.4073913043478261,0.8469217970049917,0.7595477248268441,0.967741935483871,0.562874251497006,0.7851747088186356,0.6626228648693396,0.9384792626728112,0.3867664670658683,magneto,False,radam,0.01,100,0,,shuffle,False,100
c23a035af24e484b8f167aaa5ed885fb,,0.2,0.802547770700637,0.7266940853897376,1.0,0.8260869565217391,0.7106369426751593,0.5583891500195848,0.9261261261261262,0.1906521739130434,0.8086522462562397,0.6980532023510583,1.0,0.4491017964071856,0.7438103161397671,0.5732167692265239,0.9572119815668204,0.1892215568862275,magneto,False,adam,0.01,100,0,,shuffle,False,100
a491ed1497f747ca82334ac7f82fdcab,,0.2,0.8471337579617835,0.8027810419114767,1.0,0.7608695652173914,0.7818471337579618,0.7103995299647474,0.8829729729729731,0.5378260869565217,0.9334442595673876,0.9018805706559232,0.97926267281106,0.8383233532934131,0.8653078202995007,0.7998703744584564,0.9471658986175114,0.6525748502994011,magneto,False,sgd,0.01,100,0,,shuffle,False,100
0c643cfb1a834f4dbb891cbc7b10ef98,,0.2,0.8343949044585988,0.7884841363102232,0.990990990990991,0.8695652173913043,0.775095541401274,0.692321778300039,0.8922522522522521,0.4923913043478261,0.870216306156406,0.8088316454648307,0.9907834101382488,0.6706586826347305,0.8161730449251248,0.717259306272248,0.9399078341013823,0.4946107784431137,magneto,False,ranger,0.01,100,0,,shuffle,False,100
c2badd107806485facd3ddf99fb46a44,,0.2,0.8280254777070064,0.7431453192322759,1.0,0.9130434782608696,0.7442675159235668,0.6479240109674893,0.8806306306306305,0.4152173913043478,0.8386023294509152,0.7510209994757031,0.9700460829493088,0.5688622754491018,0.7857903494176374,0.6612624520544166,0.9415668202764976,0.3809580838323352,magneto,False,radam,0.01,100,0,,shuffle,False,100
0355eaebab1b440688e5de5251ab2241,,0.2,0.7898089171974523,0.7161182922052488,1.0,1.0,0.7014012738853505,0.5512847630238935,0.913873873873874,0.188695652173913,0.7986688851913478,0.6598278098181517,1.0,0.3592814371257485,0.7323627287853579,0.5397980766577445,0.9732488479262672,0.1063473053892215,magneto,False,adam,0.01,100,0,,shuffle,False,100
20fbbda8cb4e492b80b5eb285c84aaca,,0.2,0.8471337579617835,0.8027810419114767,0.990990990990991,0.7391304347826086,0.7806369426751593,0.7091617704661184,0.8818018018018019,0.5365217391304348,0.9384359400998336,0.90533679185408,0.9838709677419356,0.8383233532934131,0.866089850249584,0.8020511741493971,0.9461981566820274,0.6579041916167665,magneto,False,sgd,0.01,100,0,,shuffle,False,100
f25458da56a74b5bbfde031195115eb0,,0.2,0.8407643312101911,0.7874069721895809,0.990990990990991,0.8695652173913043,0.7703184713375794,0.6932079905992949,0.8794594594594595,0.5069565217391304,0.8618968386023295,0.7933993763624825,0.9930875576036866,0.6467065868263473,0.8143760399334444,0.7146704517232816,0.9391013824884792,0.4902395209580837,magneto,False,ranger,0.01,100,0,,shuffle,False,100
3d644c9dd2254de48f5ad91153902e4c,,0.2,0.8152866242038217,0.7577359968664317,1.0,1.0,0.740063694267516,0.6530346650998824,0.8632432432432432,0.4428260869565218,0.8519134775374376,0.7574781312950136,0.97926267281106,0.5449101796407185,0.7829617304492512,0.6573883109357324,0.9400460829493088,0.3747305389221557,magneto,False,radam,0.01,100,0,,shuffle,False,100
9397b88ad38f42f4ab33e8c2f8e5bdd4,,0.2,0.8280254777070064,0.7847630238934586,1.0,0.7391304347826086,0.7733757961783438,0.6938425381903643,0.885945945945946,0.5017391304347826,0.9500831946755408,0.926757084908524,0.9815668202764976,0.8862275449101796,0.87936772046589,0.8322428185104443,0.9383179723502304,0.7261676646706587,magneto,False,sgd,0.01,100,0,,efficient,False,100
06325fe7ce2a40b5a8bd394b025c76e5,,0.2,0.7452229299363058,0.6896788092440267,1.0,1.0,0.5889171974522294,0.5448697610654132,0.6512612612612613,0.4384782608695652,0.7903494176372712,0.6651190706145312,0.97926267281106,0.4011976047904191,0.7423627287853577,0.5912416871326471,0.9314055299539172,0.2510778443113772,magneto,False,radam,0.01,100,0,,efficient,False,100
e97e4e68feb8487f953d17bc162717fb,,0.2,0.821656050955414,0.7420681551116333,1.0,0.9565217391304348,0.7359872611464968,0.6421954563258911,0.8687387387387386,0.4156521739130434,0.8402662229617305,0.7643767764011148,0.9585253456221198,0.6047904191616766,0.7997670549084859,0.6988268164132563,0.9260368663594472,0.4716167664670659,magneto,False,ranger,0.01,100,0,,efficient,False,100
6b110af5a811457897015afaafe0cdfc,,0.2,0.713375796178344,0.5451429690560124,1.0,0.3695652173913043,0.7059872611464971,0.5006795926361144,0.9965765765765766,0.0047826086956521,0.7221297836938436,0.5100789205000138,1.0,0.2574850299401197,0.7191347753743763,0.4996761086122686,0.9936635944700462,0.005688622754491,magneto,False,adam,0.01,100,0,,efficient,False,100
59618f872b5b49268e4cb0a9855f00b7,,0.2,0.8598726114649682,0.7799647473560517,1.0,0.782608695652174,0.7792356687898089,0.7080434782608697,0.8800000000000001,0.5360869565217391,0.9484193011647256,0.9269847401970254,0.97926267281106,0.8862275449101796,0.8781031613976704,0.8306120477938133,0.9375115207373272,0.7237125748502994,magneto,False,sgd,0.01,100,0,,efficient,False,100
95bffaba030a4d8bb029cf29a54ad9fb,,0.2,0.8152866242038217,0.7487269878574226,1.0,0.8260869565217391,0.7371337579617836,0.653572267920094,0.8554054054054054,0.4517391304347826,0.848585690515807,0.76622561328955,0.9631336405529954,0.5988023952095808,0.8061564059900165,0.7086108198349845,0.9281797235023042,0.4890419161676647,magneto,False,ranger,0.01,100,0,,efficient,False,100
ec472e22b3a74817aa150d6cadfd8a6a,,0.2,0.7070063694267517,0.5127301214257736,1.0,0.217391304347826,0.7025477707006371,0.4990109674892284,0.9906306306306308,0.007391304347826,0.7221297836938436,0.51882640249455,1.0,0.2934131736526946,0.7177870216306158,0.5007506415739948,0.9892857142857142,0.0122155688622754,magneto,False,adam,0.01,100,0,,efficient,False,100
86f66ac0d8174713bbb77d3993b2544d,,0.2,0.7324840764331211,0.6325891108499804,1.0,1.0,0.6489171974522294,0.5072297297297298,0.8494594594594596,0.165,0.7554076539101497,0.6234167609481498,1.0,0.3712574850299401,0.7206988352745427,0.5154393057203566,0.9774654377880184,0.0534131736526946,magneto,False,radam,0.01,100,0,,efficient,False,100
80bf0dd6075a44c7869fac27a79ac754,,0.2,0.8407643312101911,0.7855464159811986,1.0,0.8043478260869565,0.7620382165605096,0.6967087739913829,0.8545045045045044,0.538913043478261,0.9500831946755408,0.930440961395182,0.976958525345622,0.8862275449101796,0.8780865224625622,0.831042592234885,0.9369354838709676,0.7251497005988025,magneto,False,sgd,0.01,100,0,,efficient,False,100
acb09ca89a5c4bcabf0c3f22b77f23eb,,0.2,0.7834394904458599,0.6836075205640424,1.0,0.9782608695652174,0.6171974522292994,0.5460928319623971,0.7178378378378377,0.3743478260869566,0.7770382695507487,0.6522186042661222,1.0,0.3712574850299401,0.7362063227953413,0.5714883136951904,0.9422580645161288,0.2007185628742515,magneto,False,radam,0.01,100,0,,efficient,False,100
28e8f56f0c2e4d36b788bfeb3b88429a,,0.2,0.7324840764331211,0.5689385037211124,1.0,1.0,0.7012738853503186,0.5012289463376419,0.9844144144144144,0.0180434782608695,0.7237936772046589,0.5222826236927067,1.0,0.2934131736526946,0.7187021630615643,0.5002975385634262,0.9919124423963132,0.0086826347305389,magneto,False,adam,0.01,100,0,,efficient,False,100
f05ad3f2e5724339b6df546f10c182a6,,0.2,0.8343949044585988,0.7683117900509204,1.0,0.9782608695652174,0.7203184713375796,0.6514825695260478,0.8177477477477478,0.4852173913043479,0.8652246256239601,0.792481856563371,0.9654377880184332,0.6287425149700598,0.8019467554076537,0.7043882971384423,0.9239861751152076,0.4847904191616766,magneto,False,ranger,0.01,100,0,,efficient,False,100
9b212ce7942a46c5b8fad4260b62b39c,,0.2,0.8343949044585988,0.7765374069721896,1.0,0.8260869565217391,0.7710828025477707,0.7000499412455935,0.8716216216216216,0.5284782608695653,0.9484193011647256,0.931130825905792,0.97926267281106,0.8922155688622755,0.8776871880199667,0.8301766743011672,0.9371198156682028,0.7232335329341317,magneto,False,sgd,0.01,100,0,,efficient,False,100
2502353c3f6f47fa8d38ebae0f373891,,0.2,0.713375796178344,0.6170191931061497,1.0,1.0,0.6840127388535032,0.5026429690560126,0.9407207207207208,0.0645652173913043,0.7720465890183028,0.6229752476613593,1.0,0.3293413173652694,0.7214475873544095,0.5161787714892795,0.9782258064516128,0.0541317365269461,magneto,False,radam,0.01,100,0,,efficient,False,100
1a1b1a1b63d24e5daaac76b744c19bbc,,0.2,0.7070063694267517,0.5,1.0,1.0,0.7015923566878982,0.4994810027418722,0.9876576576576576,0.0113043478260869,0.7221297836938436,0.5165705455448549,1.0,0.2215568862275449,0.7186189683860235,0.500479386848423,0.9914976958525348,0.0094610778443113,magneto,False,adam,0.01,100,0,,efficient,False,100
d150488349a440bca64721267d06a963,,0.2,0.8280254777070064,0.7956325891108499,1.0,0.8695652173913043,0.733184713375796,0.6514159811985898,0.848918918918919,0.4539130434782608,0.8635607321131448,0.792012748696156,0.9631336405529954,0.6646706586826348,0.80216306156406,0.705145906343994,0.92352534562212,0.4867664670658682,magneto,False,ranger,0.01,100,0,,efficient,False,100
916243de6d9f47a09e098d194e5742b3,,0.2,0.8152866242038217,0.7648844496670583,1.0,0.8913043478260869,0.7375159235668789,0.6444222483352918,0.8692792792792794,0.4195652173913043,0.8419301164725458,0.7579334418720163,0.9746543778801844,0.5688622754491018,0.7825790349417637,0.6559260741190431,0.9410138248847928,0.3708383233532934,magneto,False,radam,0.01,100,0,,shuffle,False,100
a4a60b26730847baac8423426aa1a22a,,0.2,0.802547770700637,0.7164120642381512,1.0,0.7608695652173914,0.7068789808917201,0.5458019976498236,0.934864864864865,0.1567391304347826,0.8003327787021631,0.6701895747675156,1.0,0.3772455089820359,0.7331447587354409,0.5399711636634564,0.9747926267281106,0.1051497005988024,magneto,False,adam,0.01,100,0,,shuffle,False,100
e83723b285fc428391994148e09a1f54,,0.2,0.8471337579617835,0.7791813552683118,1.0,0.7608695652173914,0.7846496815286624,0.7095172346259302,0.8909909909909909,0.5280434782608695,0.9367720465890184,0.8972791743701537,0.9861751152073732,0.8143712574850299,0.8673377703826955,0.8024547448881039,0.9485023041474654,0.6564071856287427,magneto,False,sgd,0.01,100,0,,shuffle,False,100
080b8601cc2b451cb9658412a5717fcb,,0.2,0.8407643312101911,0.7892675283979631,1.0,0.8695652173913043,0.7754777070063694,0.6974294947121035,0.885945945945946,0.5089130434782608,0.8635607321131448,0.7858039681006651,0.9907834101382488,0.6407185628742516,0.8104825291181365,0.7097458539142913,0.9364976958525346,0.4829940119760479,magneto,False,ranger,0.01,100,0,,shuffle,False,100
1439e1dede514d4e97c1c69e872de0f3,,0.2,0.8598726114649682,0.7863298080689385,1.0,0.782608695652174,0.774203821656051,0.6986927144535839,0.881081081081081,0.5163043478260869,0.9217970049916806,0.8908220425508431,0.988479262672811,0.8323353293413174,0.8627620632279533,0.7953079555175363,0.947142857142857,0.6434730538922157,magneto,False,sgd,0.01,100,0,,shuffle,False,100
970af3059f93437da0708509ca16bc0c,,0.2,0.8280254777070064,0.7723266745005876,1.0,0.8913043478260869,0.7454140127388537,0.6528084606345474,0.8764864864864866,0.4291304347826086,0.826955074875208,0.7323670631088055,0.9746543778801844,0.5269461077844312,0.7805990016638935,0.6536341372554431,0.9394239631336404,0.3678443113772454,magneto,False,radam,0.01,100,0,,shuffle,False,100
69d5cf8fd5bd4af2a52b09c9cdeff09b,,0.2,0.8726114649681529,0.8009204857030943,1.0,0.8695652173913043,0.7843312101910829,0.7113924794359577,0.8875675675675674,0.5352173913043479,0.8668885191347754,0.796165733050029,0.9907834101382488,0.6407185628742516,0.8162562396006655,0.7202087530009106,0.9364055299539172,0.5040119760479042,magneto,False,ranger,0.01,100,0,,shuffle,False,100
ecc4a0e5e8634c278fb887218192f479,,0.2,0.7770700636942676,0.7076968272620447,1.0,0.8478260869565217,0.7117834394904462,0.5497796709753231,0.9410810810810812,0.1584782608695652,0.8153078202995009,0.6916098678219598,1.0,0.4131736526946107,0.7342762063227954,0.5427807058693673,0.9738248847926266,0.1117365269461077,magneto,False,adam,0.01,100,0,,shuffle,False,100
edae5156f9424c9fb2a9829a7da3cff5,,0.2,0.8343949044585988,0.7776145710928319,1.0,0.782608695652174,0.7685350318471339,0.6943018018018019,0.8736036036036036,0.515,0.9384359400998336,0.9094828775628468,0.9815668202764976,0.844311377245509,0.8641597337770384,0.7977676674301167,0.9472119815668202,0.6483233532934133,magneto,False,sgd,0.01,100,0,,shuffle,False,100
b4f61451fed94ad0a29387f3e785f8be,,0.2,0.802547770700637,0.7386408147277712,1.0,0.9130434782608696,0.7156687898089171,0.5713679984332157,0.9199099099099098,0.2228260869565217,0.8119800332778703,0.689305720356522,1.0,0.4131736526946107,0.7436106489184695,0.5653239603741824,0.9666359447004608,0.1640119760479041,magneto,False,adam,0.01,100,0,,shuffle,False,100
e1f1c35e5c1e42ebab8da48dd3fe97a1,,0.2,0.8152866242038217,0.7641010575793185,1.0,1.0,0.7324840764331212,0.6408636897767331,0.8621621621621622,0.4195652173913042,0.8435940099833611,0.7535597008747482,0.9723502304147466,0.5508982035928144,0.7806821963394341,0.6528444493501476,0.940599078341014,0.3650898203592815,magneto,False,radam,0.01,100,0,,shuffle,False,100
757c3177b57143ed8794f7d847a40665,,0.2,0.8343949044585988,0.7738934586760673,1.0,0.8695652173913043,0.7794267515923567,0.6963396004700351,0.897027027027027,0.4956521739130434,0.8768718801996672,0.8042302491790613,0.9907834101382488,0.6646706586826348,0.8149417637271215,0.7155594801181047,0.93926267281106,0.4918562874251497,magneto,False,ranger,0.01,100,0,,shuffle,False,100
83f758e0b3fb44ff86556a0539bfe615,,0.2,0.8407643312101911,0.8255973364669016,0.981981981981982,0.8043478260869565,0.772420382165605,0.7030963572267918,0.8705405405405406,0.5356521739130435,0.9301164725457572,0.9055644471425812,0.9907834101382488,0.8502994011976048,0.8673544093178036,0.8017110709456662,0.9494700460829492,0.6539520958083833,magneto,False,sgd,0.01,100,0,,shuffle,False,100
f2e2fc4a7ba9415fa481ecf3aad3c16c,,0.2,0.7707006369426752,0.704171562867215,1.0,0.7608695652173914,0.7015286624203823,0.539090285938112,0.9314414414414416,0.1467391304347826,0.7986688851913478,0.6598278098181517,1.0,0.3473053892215569,0.7324292845257904,0.5355892822649632,0.978663594470046,0.0925149700598802,magneto,False,adam,0.01,100,0,,shuffle,False,100
234f9db8ef56430393e6699ee25bc650,,0.2,0.8407643312101911,0.7731100665883275,1.0,0.8260869565217391,0.7475796178343949,0.6626782216999608,0.8677477477477475,0.4576086956521739,0.848585690515807,0.768067551532879,0.9608294930875576,0.5868263473053892,0.7884692179700501,0.6684589116697481,0.938594470046083,0.3983233532934132,magneto,False,radam,0.01,100,0,,shuffle,False,100
2c45e42406e74b9e97bc7b6470e55c42,,0.2,0.821656050955414,0.7974931453192323,0.990990990990991,0.8043478260869565,0.7729936305732485,0.6973913043478261,0.88,0.5147826086956522,0.8618968386023295,0.8012293385579072,0.988479262672811,0.6646706586826348,0.8182029950083195,0.723288101216921,0.9369354838709678,0.5096407185628742,magneto,False,ranger,0.01,100,0,,shuffle,False,100
4220f74ef5854b4183d4277e9780969c,,0.2,0.8471337579617835,0.8001370936153545,1.0,0.9347826086956522,0.7689808917197452,0.7095113591852723,0.853153153153153,0.5658695652173914,0.9367720465890184,0.9101727420734568,0.9746543778801844,0.8622754491017964,0.8670216306156406,0.8145952564916251,0.9326036866359446,0.6965868263473055,magneto,False,sgd,0.01,100,0,,regnet16,False,100
a202fadd3b154bea8c58a35f9099bd5f,,0.2,0.713375796178344,0.5584606345475911,1.0,0.6304347826086957,0.7043949044585989,0.50114473168821,0.992072072072072,0.0102173913043478,0.7221297836938436,0.5105894202378652,1.0,0.0958083832335329,0.7206821963394343,0.4997713099147327,0.9970276497695854,0.0025149700598802,magneto,False,adam,0.01,100,0,,regnet16,False,100
9f91f4be77ec416da532ac3940df8281,,0.2,0.821656050955414,0.7558754406580493,1.0,0.9565217391304348,0.7519745222929938,0.662794751273012,0.8781981981981982,0.447391304347826,0.8369384359400999,0.7530836943624273,0.9700460829493088,0.6167664670658682,0.7877703826955076,0.6751585998509892,0.9286405529953916,0.4216766467065868,magneto,False,ranger,0.01,100,0,,regnet16,False,100
a8345de2fd6d448ab343c478c7e43d9f,,0.2,0.7770700636942676,0.6699960830395613,1.0,0.6521739130434783,0.7015286624203821,0.5644868781825303,0.8954954954954953,0.2334782608695652,0.7970049916805325,0.6752531802753938,0.9907834101382488,0.4311377245508982,0.7496173044925126,0.5971672783465327,0.9403225806451614,0.2540119760479042,magneto,False,radam,0.01,100,0,,regnet16,False,100
f9f39b375c404773b84aea8a049037ab,,0.2,0.8662420382165605,0.8181551116333724,1.0,0.9130434782608696,0.7759235668789809,0.7093292205248727,0.8701801801801803,0.5484782608695652,0.9384359400998336,0.9186925687794916,0.9861751152073732,0.874251497005988,0.8693178036605658,0.8157983112116781,0.9362672811059906,0.6953293413173653,magneto,False,sgd,0.01,100,0,,regnet16,False,100
39d45496e2dd43979311272e91b705e1,,0.2,0.713375796178344,0.5108695652173914,1.0,0.1739130434782608,0.7057961783439493,0.4998443008225617,0.9972972972972974,0.002391304347826,0.7221297836938436,0.5,1.0,0.1017964071856287,0.7213311148086524,0.4998706504042606,0.9983640552995392,0.001377245508982,magneto,False,adam,0.01,100,0,,regnet16,False,100
10c90f4a5b164ab196935d2ee15b7fa6,,0.2,0.8152866242038217,0.7569526047786916,1.0,0.782608695652174,0.7501273885350321,0.6533411672542107,0.8871171171171168,0.4195652173913043,0.8352745424292846,0.7662187146444439,0.956221198156682,0.6107784431137725,0.7932945091514145,0.6859460112033997,0.9275806451612904,0.444311377245509,magneto,False,ranger,0.01,100,0,,regnet16,False,100
8ee3f4beaf1a43459e1cd62c672d561b,,0.2,0.7324840764331211,0.6119271445358401,1.0,0.8913043478260869,0.6996815286624205,0.5191343517430473,0.9552252252252252,0.0830434782608695,0.7587354409317804,0.593497337122989,1.0,0.311377245508982,0.7260399334442595,0.5279050884406302,0.97389400921659,0.0819161676646706,magneto,False,radam,0.01,100,0,,regnet16,False,100
4752a96410494b0c98bee5d2e743c3ad,,0.2,0.8152866242038217,0.7738934586760673,1.0,0.8913043478260869,0.7487261146496814,0.6620887191539364,0.8713513513513511,0.4528260869565217,0.8386023294509152,0.7606928999144568,0.9654377880184332,0.592814371257485,0.7948086522462563,0.6901625320786997,0.9257142857142858,0.4546107784431138,magneto,False,ranger,0.01,100,0,,regnet16,False,100
efe7814e424d4ffabfca47df63fb8488,,0.2,0.7070063694267517,0.5,1.0,0.0434782608695652,0.7063057324840767,0.4996318057187622,0.9988288288288288,0.0004347826086956,0.7237936772046589,0.5108032782361543,1.0,0.1137724550898203,0.7216139767054911,0.500269116145589,0.9985023041474654,0.0020359281437125,magneto,False,adam,0.01,100,0,,regnet16,False,100
ab86296bd86848c98259ba99c36b043f,,0.2,0.7643312101910829,0.6946729338033686,1.0,0.8695652173913043,0.6870700636942675,0.557698785742264,0.8701801801801801,0.2452173913043478,0.78369384359401,0.6547504070200612,1.0,0.3832335329341317,0.7439767054908488,0.5807918264852783,0.9481105990783412,0.2134730538922156,magneto,False,radam,0.01,100,0,,regnet16,False,100
bb907d9acd3d4d56b6a7166a35d62cf2,,0.2,0.8662420382165605,0.8054249902075988,1.0,0.8478260869565217,0.7665605095541401,0.7021347434390912,0.8577477477477479,0.5465217391304348,0.9367720465890184,0.9120146803167858,0.9700460829493088,0.8562874251497006,0.8631613976705491,0.8089753442423907,0.9309447004608294,0.6870059880239523,magneto,False,sgd,0.01,100,0,,regnet16,False,100
6203c8f3aba648a59438518a810476e2,,0.2,0.7261146496815287,0.5389737563650606,1.0,0.6086956521739131,0.7032484076433124,0.4998247160203681,0.9911711711711714,0.0084782608695652,0.7221297836938436,0.5087474819945362,1.0,0.0778443113772455,0.7215474209650584,0.5000204199895141,0.9986635944700462,0.001377245508982,magneto,False,adam,0.01,100,0,,regnet16,False,100
0f53ecb6d3cd43b7811ae8feebeb74b0,,0.2,0.7261146496815287,0.6039952996474736,1.0,0.4782608695652174,0.7020382165605096,0.5025332941637289,0.9844144144144144,0.0206521739130434,0.7354409317803661,0.5679033637793537,1.0,0.2994011976047904,0.7213311148086524,0.5032229780071195,0.9941705069124426,0.0122754491017964,magneto,False,radam,0.01,100,0,,regnet16,False,100
4489bd0f786849a1bed1af1880d3743a,,0.2,0.8152866242038217,0.7648844496670583,1.0,0.8043478260869565,0.7454777070063693,0.6475068546807679,0.8841441441441441,0.4108695652173912,0.8336106489184693,0.7558569496950799,0.9585253456221198,0.5808383233532934,0.7923793677204658,0.6844098209111731,0.927442396313364,0.441377245508982,magneto,False,ranger,0.01,100,0,,regnet16,False,100
7ab3867afdb541c7995c3fb0b3509418,,0.2,0.8535031847133758,0.8120838229533882,1.0,0.8695652173913043,0.7678980891719744,0.7077908343125735,0.8529729729729729,0.562608695652174,0.9384359400998336,0.915698556803444,0.976958525345622,0.8682634730538922,0.8671713810316137,0.8151225889235357,0.9322811059907836,0.6979640718562875,magneto,False,sgd,0.01,100,0,,regnet16,False,100
b3108b62d3a04449b363e24a616289b4,,0.2,0.89171974522293,0.8343125734430082,1.0,0.9347826086956522,0.7787898089171975,0.719376224050137,0.8628828828828832,0.5758695652173913,0.9417637271214644,0.9173128397582716,0.9746543778801844,0.8682634730538922,0.8799667221297837,0.8311287563122604,0.9410599078341012,0.7211976047904192,magneto,False,sgd,0.01,100,0,,regnet32,False,100
0adf06c434454e04ac453d8424a332ba,,0.2,0.8089171974522293,0.7502937720329025,1.0,0.9130434782608696,0.7493630573248409,0.6558558558558559,0.8817117117117115,0.43,0.826955074875208,0.7475647782775464,0.9631336405529954,0.5688622754491018,0.7892013311148086,0.6773834818841579,0.929078341013825,0.425688622754491,magneto,False,ranger,0.01,100,0,,regnet32,False,100
d9a332cff98d46c190bf39e7409bf831,,0.2,0.7197452229299364,0.6313160987074031,1.0,0.5869565217391305,0.7024840764331212,0.5031032119075597,0.9846846846846848,0.0215217391304347,0.7504159733777038,0.60706697204669,1.0,0.3293413173652694,0.7222795341098172,0.5038796600347691,0.995483870967742,0.0122754491017964,magneto,False,radam,0.01,100,0,,regnet32,False,100
b4082a306f024e67bd30382817efb12e,,0.2,0.7324840764331211,0.6008617312965139,1.0,0.7391304347826086,0.7012101910828028,0.5036662749706228,0.9808108108108108,0.0265217391304347,0.7254575707154742,0.5177295179226801,1.0,0.0658682634730539,0.7207820299500831,0.5003009188995282,0.996589861751152,0.0040119760479041,magneto,False,adam,0.01,100,0,,regnet32,False,100
f7c4fc2c00cc4928be9a675f622477e1,,0.2,0.821656050955414,0.7558754406580493,1.0,0.8913043478260869,0.7470063694267517,0.6530434782608697,0.88,0.4260869565217392,0.8386023294509152,0.7629970473798946,0.967741935483871,0.6107784431137725,0.7890682196339435,0.6779359943707055,0.9280875576036868,0.4277844311377246,magneto,False,ranger,0.01,100,0,,regnet32,False,100
cf7ae2ba29444807b62c63e4f0c6f47f,,0.2,0.8471337579617835,0.8038582060321191,0.990990990990991,0.8913043478260869,0.7785987261146496,0.7181590285938113,0.8641441441441441,0.5721739130434783,0.9434276206322796,0.9239907282209774,0.9746543778801844,0.8802395209580839,0.8828452579034941,0.8349085239658932,0.9428110599078342,0.7270059880239522,magneto,False,sgd,0.01,100,0,,regnet32,False,100
eeb3aa9b2423471da8f0970196355f72,,0.2,0.7707006369426752,0.6901684292988641,1.0,0.8695652173913043,0.6917834394904457,0.5705160595377986,0.8634234234234232,0.2776086956521739,0.7970049916805325,0.6858426005132592,0.9953917050691244,0.4431137724550898,0.753361064891847,0.6036459339385745,0.9406451612903228,0.2666467065868263,magneto,False,radam,0.01,100,0,,regnet32,False,100
461ff46fc5e64bf6b578e12575ec859e,,0.2,0.7070063694267517,0.5100861731296514,1.0,0.1304347826086956,0.704203821656051,0.4993546807677242,0.994144144144144,0.0045652173913043,0.7221297836938436,0.5110516294599741,1.0,0.0359281437125748,0.7214143094841932,0.5000571897679297,0.9983179723502305,0.0017964071856287,magneto,False,adam,0.01,100,0,,regnet32,False,100
b878dc7de59a44fdb679818cc42aded5,,0.2,0.8407643312101911,0.8110066588327457,0.981981981981982,0.8913043478260869,0.7807643312101912,0.7218546807677244,0.8641441441441442,0.5795652173913044,0.9484193011647256,0.931820690416402,0.9815668202764976,0.8982035928143712,0.8806489184692181,0.8337745936698034,0.9392857142857144,0.7282634730538922,magneto,False,sgd,0.01,100,0,,regnet32,False,100
61d9aca0051d4718b64d8bd90089ea3c,,0.2,0.7770700636942676,0.7150411280846063,1.0,0.9782608695652174,0.6948407643312103,0.5419986290638464,0.9111711711711712,0.1728260869565217,0.778702163061564,0.6628080245039875,1.0,0.4131736526946107,0.739234608985025,0.5684276608074175,0.9529032258064518,0.1839520958083832,magneto,False,radam,0.01,100,0,,regnet32,False,100
5c5660254b9648c4b9900f7fe17c2279,,0.2,0.7961783439490446,0.7386408147277712,1.0,0.717391304347826,0.7276433121019109,0.619554445750098,0.8806306306306307,0.3584782608695652,0.8202995008319468,0.7319048538866967,0.9746543778801844,0.5389221556886228,0.7782861896838604,0.6571533430834186,0.929815668202765,0.3844910179640718,magneto,False,ranger,0.01,100,0,,regnet32,False,100
dec44a856326413ebd514039d074350d,,0.2,0.713375796178344,0.531825303564434,1.0,0.7391304347826086,0.7029299363057325,0.5002996474735606,0.9897297297297296,0.0108695652173913,0.7271214642262895,0.5220963602748421,1.0,0.1017964071856287,0.7213643926788689,0.501164629266812,0.996820276497696,0.0055089820359281,magneto,False,adam,0.01,100,0,,regnet32,False,100
1b889c3a44be495cadaa64e9d6a189aa,,0.2,0.8598726114649682,0.8308852330591462,0.990990990990991,0.8913043478260869,0.7828025477707006,0.7230415197806501,0.8673873873873874,0.578695652173913,0.951747088186356,0.937118849857888,0.97926267281106,0.9041916167664672,0.8832945091514142,0.8360668754656584,0.9423732718894008,0.7297604790419163,magneto,False,sgd,0.01,100,0,,regnet32,False,100
7c61185226bb4ccfa6da5c480ea347f3,,0.2,0.8152866242038217,0.767822169996083,1.0,0.9782608695652174,0.7384713375796177,0.6460526831179004,0.8692792792792794,0.4228260869565216,0.8286189683860233,0.7581541985154117,0.9700460829493088,0.6107784431137725,0.7917138103161397,0.6826596346477553,0.9281336405529954,0.437185628742515,magneto,False,ranger,0.01,100,0,,regnet32,False,100
04deb432ff504aee83a507d92bc5fc5a,,0.2,0.713375796178344,0.5108695652173914,1.0,0.5434782608695652,0.7040764331210192,0.499837446141794,0.993153153153153,0.0065217391304347,0.7237936772046589,0.5050636055078782,1.0,0.0239520958083832,0.7215307820299504,0.4999352217224537,0.9987327188940092,0.0011377245508982,magneto,False,adam,0.01,100,0,,regnet32,False,100
dd06f4aeda0d4cb685a545d8cf163d5b,,0.2,0.7579617834394905,0.663337250293772,1.0,0.6956521739130435,0.6945859872611466,0.5525117508813162,0.8956756756756755,0.2093478260869565,0.7986688851913478,0.6819310687380998,1.0,0.4311377245508982,0.7494009983361066,0.5946782471922514,0.9429493087557606,0.2464071856287424,magneto,False,radam,0.01,100,0,,regnet32,False,100
9bcaf27fbad545b699f5a9ff27780fc0,,0.2,0.8280254777070064,0.7967097532314923,1.0,0.8478260869565217,0.7813375796178346,0.724042303172738,0.8624324324324323,0.5856521739130434,0.9900166389351082,0.9875617428736996,1.0,0.9820359281437124,0.9299001663893512,0.8989863130881096,0.9685714285714286,0.8294011976047904,magneto,False,sgd,0.01,100,1,,regnet,False,100
2e5992a0c1ec409893483f0d1c5666f8,,0.2,0.7070063694267517,0.5063650607128869,1.0,0.0217391304347826,0.7069426751592358,0.5000822561692126,0.9997297297297296,0.0004347826086956,0.7221297836938436,0.5004484119318966,1.0,0.0538922155688622,0.7218968386023294,0.500004484119319,0.9994700460829492,0.0005389221556886,magneto,False,adam,0.01,100,1,,regnet,False,100
d869f619d46d495ea79f54de9dde7d8c,,0.2,0.8152866242038217,0.7749706227967097,1.0,0.8913043478260869,0.7498726114649682,0.6694555424990208,0.8636936936936938,0.4752173913043478,0.8386023294509152,0.7701302464196031,1.0,0.6347305389221557,0.7965890183028289,0.6890191506388145,0.9311520737327188,0.4468862275449101,magneto,False,ranger,0.01,100,1,,regnet,False,100
58ab2622d1844bd6b8b342b885bee5f4,,0.2,0.7070063694267517,0.6040932236584411,1.0,0.8478260869565217,0.7031847133757964,0.501307285546416,0.988918918918919,0.013695652173913,0.7254575707154742,0.5354590358453599,1.0,0.1077844311377245,0.7218469217970054,0.5011487623830679,0.997926267281106,0.0043712574850299,magneto,False,radam,0.01,100,1,,regnet,False,100
a2029267f7a2483eb85991cb8a1097c3,,0.2,0.8535031847133758,0.8128672150411281,1.0,0.8478260869565217,0.796687898089172,0.7428544849197024,0.8728828828828828,0.6128260869565219,0.978369384359401,0.9728193382819612,1.0,0.9640718562874252,0.9296339434276208,0.8993177239990068,0.967557603686636,0.8310778443113773,magneto,False,sgd,0.01,100,1,,regnet,False,100
a80569f908b949a2ab5dafb6252a698b,,0.2,0.713375796178344,0.5127301214257736,1.0,0.0434782608695652,0.7069426751592357,0.5002095573834704,0.9995495495495496,0.0008695652173913,0.7337770382695508,0.5393774662656254,1.0,0.1017964071856287,0.7219966722129786,0.5004235768095147,0.9991705069124424,0.0016766467065868,magneto,False,radam,0.01,100,1,,regnet,False,100
018d1950c02d43bca94b81e79e753c32,,0.2,0.7070063694267517,0.5063650607128869,1.0,0.0217391304347826,0.7017197452229301,0.496388562475519,0.9923423423423424,0.0004347826086956,0.7221297836938436,0.5004484119318966,1.0,0.0538922155688622,0.7218801996672215,0.4999929633819918,0.9994470046082948,0.0005389221556886,magneto,False,adam,0.01,100,1,,regnet,False,100
a6535275e5004543a473583ef4d1d915,,0.2,0.8343949044585988,0.786623580101841,1.0,0.782608695652174,0.7603184713375797,0.661439482961222,0.9002702702702705,0.4226086956521739,0.848585690515807,0.782803057479511,1.0,0.6347305389221557,0.792529118136439,0.6770352382792021,0.9370046082949308,0.4170658682634729,magneto,False,ranger,0.01,100,1,,regnet,False,100
d7072e39fbc0477fb62374d7a27dbcf5,,0.2,0.7324840764331211,0.6580493537015276,1.0,0.8913043478260869,0.7005732484076433,0.5086261261261261,0.9722522522522522,0.045,0.7321131447587355,0.5462761113717266,1.0,0.1616766467065868,0.7208818635607323,0.5039434035155496,0.9922580645161292,0.01562874251497,magneto,False,radam,0.01,100,1,,regnet,False,100
d3e42539eea44d4d83396b24c71817bc,,0.2,0.7197452229299364,0.5217391304347826,1.0,0.0434782608695652,0.7070063694267518,0.5005728554641599,0.9991891891891892,0.0019565217391304,0.7237936772046589,0.5062156792405972,1.0,0.0718562874251497,0.7212146422628953,0.4998452633902701,0.9981336405529956,0.0015568862275449,magneto,False,adam,0.01,100,1,,regnet,False,100
7d3fad27da8a449780e267c942da1f4f,,0.2,0.8407643312101911,0.8102232667450058,1.0,0.8478260869565217,0.7838853503184714,0.7246347434390912,0.8677477477477477,0.5815217391304348,0.978369384359401,0.9721294737713512,1.0,0.9580838323353292,0.9292013311148088,0.8986682165622674,0.9673963133640554,0.8299401197604793,magneto,False,sgd,0.01,100,1,,regnet,False,100
f245ac53bd2b48acb645b5f17748496e,,0.2,0.8407643312101911,0.7611633372502938,1.0,0.8260869565217391,0.7614012738853504,0.6648149236192715,0.898108108108108,0.4315217391304347,0.848585690515807,0.7699094897762079,1.0,0.6107784431137725,0.8010316139767055,0.6870114379535858,0.943663594470046,0.4303592814371257,magneto,False,ranger,0.01,100,1,,regnet,False,100
5bfccc17adfe4df4942f89dfc128b287,,0.2,0.8407643312101911,0.7585193889541716,1.0,0.8478260869565217,0.761656050955414,0.6676047786917352,0.8947747747747746,0.4404347826086958,0.8602329450915142,0.8026090675791275,1.0,0.6766467065868264,0.8097670549084859,0.7092688815916555,0.935483870967742,0.4830538922155687,magneto,False,ranger,0.01,100,1,,regnet,False,100
affc4f62d8174114b580d2b7db422a4c,,0.2,0.713375796178344,0.5108695652173914,1.0,0.0652173913043478,0.70687898089172,0.5001645123384254,0.9994594594594594,0.0008695652173913,0.7221297836938436,0.5006898645106101,1.0,0.0538922155688622,0.7218469217970052,0.4999883412897707,0.9993778801843318,0.0005988023952095,magneto,False,adam,0.01,100,1,,regnet,False,100
20b523936315496b9de9b92e5c7a3601,,0.2,0.8343949044585988,0.7903446925186056,1.0,0.7608695652173914,0.7795541401273886,0.721253427340384,0.8620720720720719,0.5804347826086957,0.978369384359401,0.9721294737713512,1.0,0.9580838323353292,0.9290016638935108,0.8977563536521429,0.9680875576036868,0.8274251497005989,magneto,False,sgd,0.01,100,1,,regnet,False,100
6e027fa97b2d40e5874b6f4ba15cf7b4,,0.2,0.713375796178344,0.5510184097140619,1.0,0.5434782608695652,0.7041401273885353,0.5007735996866431,0.991981981981982,0.0095652173913043,0.7304492512479202,0.5524986892574298,1.0,0.155688622754491,0.7218801996672215,0.5009507712685228,0.9982488479262672,0.0036526946107784,magneto,False,radam,0.01,100,1,,regnet,False,100
a3326f3b6d7e431d8963c8d0c8deca55,,0.2,0.8471337579617835,0.8128672150411281,1.0,0.9130434782608696,0.7938216560509556,0.7325528789659225,0.8805405405405405,0.5845652173913042,0.9833610648918468,0.9774276332128372,0.9953917050691244,0.9640718562874252,0.932828618968386,0.9043847098429868,0.968410138248848,0.8403592814371257,magneto,False,sgd,0.01,100,1,,regnet16,False,100
e8d89e9639cb4b33be14e63821bc590a,,0.2,0.8471337579617835,0.7738934586760673,1.0,0.8043478260869565,0.759108280254777,0.6731227967097533,0.8808108108108107,0.4654347826086957,0.8452579034941764,0.7715168740859295,0.9930875576036866,0.6167664670658682,0.7985191347753742,0.6864690664753443,0.9386866359447006,0.434251497005988,magneto,False,ranger,0.01,100,1,,regnet16,False,100
f36c5f7685be4efb9b35ed60236df8de,,0.2,0.713375796178344,0.5108695652173914,1.0,0.4565217391304347,0.7022929936305735,0.4982579318448884,0.9910810810810812,0.0054347826086956,0.7221297836938436,0.5089613399928254,1.0,0.1077844311377245,0.7216139767054911,0.4999928254090896,0.9988479262672812,0.0011377245508982,magneto,False,adam,0.01,100,1,,regnet16,False,100
e6686d1dca27458e9be638e493488c8c,,0.2,0.7197452229299364,0.5872502937720329,1.0,0.6739130434782609,0.7040764331210192,0.5020015667841755,0.99009009009009,0.0139130434782608,0.7271214642262895,0.5145078506581308,1.0,0.0538922155688622,0.7213643926788688,0.5004094345870471,0.9977649769585254,0.0030538922155688,magneto,False,radam,0.01,100,1,,regnet16,False,100
50e29be30f5d4bb8bf24af8240b7831a,,0.2,0.8726114649681529,0.8027810419114767,1.0,0.8260869565217391,0.800764331210191,0.737717391304348,0.89,0.5854347826086956,0.9833610648918468,0.978117497723447,0.9953917050691244,0.9700598802395208,0.9318968386023294,0.903592193493198,0.967304147465438,0.8398802395209579,magneto,False,sgd,0.01,100,1,,regnet16,False,100
9d89c47f0d49416ead2716cad10243f7,,0.2,0.7070063694267517,0.5,1.0,0.0,0.7070063694267518,0.5,1.0,0.0,0.7221297836938436,0.5218687049863406,1.0,0.0898203592814371,0.7220299500831948,0.5002624244598362,0.9994470046082948,0.0010778443113772,magneto,False,adam,0.01,100,1,,regnet16,False,100
804b3731954b439fa12fdf18894a5654,,0.2,0.8407643312101911,0.772816294555425,1.0,0.717391304347826,0.7484713375796178,0.6407128867998435,0.9009909909909912,0.3804347826086956,0.8552412645590682,0.7892532906537156,0.9953917050691244,0.6407185628742516,0.791064891846922,0.6751188636551781,0.9361059907834104,0.4141317365269461,magneto,False,ranger,0.01,100,1,,regnet16,False,100
3138e2dbb60342d0b106a262349a191d,,0.2,0.713375796178344,0.5201723462593028,1.0,0.391304347826087,0.7035668789808919,0.4996043869956914,0.992252252252252,0.0069565217391304,0.7371048252911814,0.5619429344076823,1.0,0.1676646706586826,0.7216638935108155,0.5007825823008362,0.9979723502304148,0.0035928143712574,magneto,False,radam,0.01,100,1,,regnet16,False,100
e1e57e7dd1724d5a98cf74cd4e3abc85,,0.2,0.8471337579617835,0.7982765374069721,1.0,0.782608695652174,0.7935031847133761,0.727171954563259,0.8873873873873873,0.5669565217391305,0.9833610648918468,0.979269571456166,0.9953917050691244,0.9700598802395208,0.932479201331115,0.9034980959739508,0.9687327188940094,0.8382634730538921,magneto,False,sgd,0.01,100,1,,regnet16,False,100
5742c15c3a864f3094b293b510f34f54,,0.2,0.821656050955414,0.7465726596161377,1.0,0.8260869565217391,0.7326751592356687,0.6339972581276929,0.8723423423423422,0.3956521739130434,0.8419301164725458,0.7675984436656641,0.9861751152073732,0.6526946107784432,0.7842096505823628,0.665472764149121,0.9327419354838712,0.3982035928143712,magneto,False,ranger,0.01,100,1,,regnet16,False,100
2d53f4b1f9074659ba1d3dc25979d8bc,,0.2,0.7261146496815287,0.6572659616137877,1.0,0.5869565217391305,0.6984076433121019,0.5118047395221308,0.9625225225225224,0.0610869565217391,0.7420965058236273,0.6024586771158145,1.0,0.3293413173652694,0.720532445923461,0.5140715803416208,0.9788018433179724,0.0493413173652694,magneto,False,radam,0.01,100,1,,regnet16,False,100
af0eeb34d0e441e5a5938d3bb6500f99,,0.2,0.713375796178344,0.5108695652173914,1.0,0.217391304347826,0.7048407643312103,0.4994232275754015,0.9955855855855856,0.0032608695652173,0.7221297836938436,0.5,1.0,0.0658682634730539,0.7217637271214644,0.499949156985568,0.9992396313364056,0.0006586826347305,magneto,False,adam,0.01,100,1,,regnet16,False,100
4a1f94d4bd96492b806003fb20d253ee,,0.2,0.8662420382165605,0.813650607128868,1.0,0.8043478260869565,0.802738853503185,0.7446513905209556,0.8849549549549549,0.6043478260869566,0.9816971713810316,0.978117497723447,0.9953917050691244,0.9700598802395208,0.933926788685524,0.905771337509313,0.969147465437788,0.8423952095808382,magneto,False,sgd,0.01,100,1,,regnet16,False,100
be4d4778191c46dca46be55766c00eb4,,0.2,0.8089171974522293,0.7214061887974932,1.0,0.8260869565217391,0.7361783439490446,0.6264815902859382,0.8914414414414413,0.3615217391304348,0.831946755407654,0.7445707663014983,0.9861751152073732,0.562874251497006,0.7819467554076539,0.6500361489003561,0.9469585253456222,0.3531137724550899,magneto,False,ranger,0.01,100,1,,regnet16,False,100
b7374c7422a143c1ad9af8ab446d9cf3,,0.2,0.7070063694267517,0.5,1.0,0.0,0.70687898089172,0.4999099099099099,0.99981981981982,0.0,0.7221297836938436,0.5091958939264328,1.0,0.0898203592814371,0.7217803660565724,0.5000896133999282,0.9991013824884792,0.0010778443113772,magneto,False,adam,0.01,100,1,,regnet16,False,100
64cd27d6c7aa4989b12f270537587b3c,,0.2,0.7197452229299364,0.5490599294947122,1.0,1.0,0.6987898089171977,0.5009998041519781,0.9787387387387388,0.0232608695652173,0.7321131447587355,0.5363834542895776,1.0,0.0958083832335329,0.721497504159734,0.5002805678964651,0.998225806451613,0.0023353293413173,magneto,False,radam,0.01,100,1,,regnet16,False,100
fbc02fc36e56494e8b6ede98720e0ae8,,0.2,0.7261146496815287,0.5389737563650606,1.0,0.108695652173913,0.705222929936306,0.4996298472385429,0.996216216216216,0.0030434782608695,0.7221297836938436,0.5039115317751593,1.0,0.1616766467065868,0.7208985024958404,0.4998658213526863,0.9973963133640552,0.0023353293413173,magneto,False,adam,0.01,100,1,,regnet32,False,100
fa54eaf8db834026b252ca448dc57a34,,0.2,0.7197452229299364,0.5344692518605562,1.0,0.1304347826086956,0.7056687898089173,0.5003907168037602,0.996216216216216,0.0045652173913043,0.7221297836938436,0.5057465713733823,1.0,0.059880239520958,0.7212146422628953,0.499771585860537,0.998225806451613,0.001317365269461,magneto,False,radam,0.01,100,1,,regnet32,False,100
44266239721d469fb642d16fdb965db1,,0.2,0.7070063694267517,0.5,1.0,1.0,0.7028662420382168,0.5,0.99,0.01,0.7221297836938436,0.5220756643395237,1.0,0.3353293413173652,0.7153078202995009,0.499697149479842,0.9850230414746544,0.0143712574850299,loki,False,adam,0.01,100,0,,vit,False,100
31abb6fd91584fbfbfdfe7744a3ca60a,,0.2,0.7070063694267517,0.5203681942812377,1.0,1.0,0.6995541401273887,0.5002036819428124,0.9817117117117116,0.018695652173913,0.7221297836938436,0.5303678357570574,1.0,0.3353293413173652,0.7151913477537439,0.5008137641767157,0.9833640552995392,0.0182634730538922,loki,False,adam,0.001,100,0,,vit,False,100
9c5522bc380b4584962989d3569286ee,,0.2,0.8152866242038217,0.786623580101841,1.0,0.8260869565217391,0.7589171974522294,0.6552927927927928,0.9055855855855856,0.405,0.8968386023294509,0.8463740721322334,0.9700460829493088,0.7365269461077845,0.8281198003327788,0.7390510223792047,0.9395391705069124,0.5385628742514971,loki,False,adam,0.0001,100,0,,vit,False,100
c5fdba773eef40f69d4fdfaa211a3cc5,,0.2,0.7070063694267517,0.5135135135135135,1.0,1.0,0.6989171974522296,0.5001351351351352,0.9802702702702704,0.02,0.7254575707154742,0.5331134965092855,1.0,0.2874251497005988,0.7164392678868555,0.50092262479649,0.986036866359447,0.0158083832335329,loki,False,adam,0.0005,100,0,,vit,False,100
af7e6fd121b14f7b8d1fe97ab4cf485a,,0.2,0.7261146496815287,0.5389737563650606,1.0,1.0,0.704140127388535,0.5026831179005091,0.9892792792792792,0.0160869565217391,0.7321131447587355,0.5274014183614338,1.0,0.281437125748503,0.7186023294509154,0.5014809321449267,0.9902073732718892,0.012754491017964,loki,False,sgd,0.01,100,0,,vit,False,100
672d861b1a6d4e7b9d88fecb918179bb,,0.2,0.821656050955414,0.7550920485703095,1.0,1.0,0.7534394904458601,0.6453721112416764,0.9063963963963964,0.3843478260869564,0.9384359400998336,0.9113248158061756,0.9976958525345622,0.8502994011976048,0.8183527454242927,0.72442327326913,0.935852534562212,0.5129940119760479,loki,False,sgd,0.001,100,0,,vit,False,100
47e60ab1470a4e79b44319397b402954,,0.2,0.8535031847133758,0.813650607128868,1.0,0.8478260869565217,0.8066242038216562,0.7371513905209557,0.904954954954955,0.5693478260869566,0.9700499168053244,0.9590013521344408,0.9838709677419356,0.934131736526946,0.9098169717138104,0.8739554761444852,0.9546774193548389,0.7932335329341317,loki,False,sgd,0.0001,100,0,,vit,False,100
699080dd9c514d508fe012ba46b95655,,0.2,0.8535031847133758,0.8001370936153545,0.990990990990991,0.8695652173913043,0.7910828025477707,0.7149578926752841,0.8988288288288285,0.5310869565217391,0.9700499168053244,0.9553174756477828,0.988479262672811,0.9281437125748504,0.9035274542429286,0.8629880791412566,0.9542396313364055,0.7717365269461076,loki,False,sgd,0.0005,100,0,,vit,False,100
9f62b158afc6459e9b611b566b8f910a,,0.2,0.7070063694267517,0.5,1.0,0.0,0.7069426751592358,0.4999549549549549,0.99990990990991,0.0,0.7254575707154742,0.5317682607135958,1.0,0.2694610778443114,0.716522462562396,0.5005013245398604,0.9867511520737328,0.014251497005988,loki,False,ranger,0.01,100,0,,vit,False,100
cc048b8b5cce49d18f862d9079d8e99f,,0.2,0.7770700636942676,0.6928123775949864,1.0,0.7391304347826086,0.7152866242038217,0.5686790050920486,0.9227927927927928,0.2145652173913043,0.805324459234609,0.6957490548856204,1.0,0.4610778443113772,0.7498668885191349,0.5983347360578382,0.9394239631336404,0.2572455089820359,loki,False,ranger,0.001,100,0,,vit,False,100
844ecd0cdc30423fbfc3e8eccd489f6e,,0.2,0.8535031847133758,0.781825303564434,1.0,0.7391304347826086,0.7983439490445859,0.7169741480611046,0.9135135135135134,0.5204347826086956,0.9650582362728786,0.948867242473578,0.9861751152073732,0.9161676646706588,0.9167221297836938,0.8810942630867297,0.9612903225806452,0.8008982035928143,loki,False,ranger,0.0001,100,0,,vit,False,100
a8b67ac635be4e26a62a1a284a29ba0c,,0.2,0.821656050955414,0.7847630238934586,1.0,0.717391304347826,0.7631847133757961,0.6667126909518213,0.8997297297297299,0.433695652173913,0.870216306156406,0.7996219542481857,0.9631336405529954,0.6526946107784432,0.8269384359400997,0.7398539556831039,0.9358755760368664,0.5438323353293412,loki,False,ranger,0.0005,100,0,,vit,False,100
15f90c29f0124ddca72cf9636b301293,,0.2,0.9363057324840764,0.914120642381512,1.0,0.9782608695652174,0.900828025477707,0.8520838229533882,0.9698198198198198,0.7343478260869564,0.9650582362728786,0.948177377962968,1.0,0.9221556886227544,0.9263394342762064,0.8911055768647037,0.9704147465437788,0.8117964071856285,loki,False,adam,0.01,100,0,5.0,vit,False,100
2b3cdc31b39240f0a840d8e34d5d2cd3,,0.2,0.9363057324840764,0.9103995299647474,1.0,0.8913043478260869,0.8935031847133758,0.8345554249902075,0.9769369369369368,0.6921739130434783,0.9584026622296172,0.9382709235906068,1.0,0.9041916167664672,0.9196672212978372,0.8754525511189601,0.9749769585253456,0.7759281437125748,loki,False,adam,0.001,100,0,5.0,vit,False,100
0d645bdd787e472a93a2ad33d19d4ce9,,0.2,0.9044585987261148,0.8815119467293381,1.0,0.8478260869565217,0.8043949044585987,0.6878368585977281,0.9693693693693696,0.4063043478260869,0.9484193011647256,0.9251428019536962,1.0,0.8802395209580839,0.8394675540765391,0.7293176550125555,0.9772580645161292,0.481377245508982,loki,False,adam,0.0001,100,0,5.0,vit,False,100
3580d38ce9fa471eb3665e7d991a16e9,,0.2,0.9235668789808916,0.8987465726596161,1.0,0.8695652173913043,0.8778980891719746,0.8057608695652173,0.98,0.6315217391304347,0.9500831946755408,0.93412483788184,1.0,0.8982035928143712,0.9020798668885192,0.8460898479538618,0.9721198156682028,0.7200598802395209,loki,False,adam,0.0005,100,0,5.0,vit,False,100
2f0a7656d24f4bad82d7c6f29e802c81,,0.2,0.7515923566878981,0.5888170779475127,1.0,0.1956521739130435,0.7078343949044588,0.5024314531923227,0.9985585585585584,0.0063043478260869,0.7271214642262895,0.5384530478214079,1.0,0.1137724550898203,0.7219966722129786,0.5021918375231105,0.9969585253456222,0.0074251497005988,loki,False,sgd,0.01,100,0,5.0,vit,False,100
ae2d1dc9c0ee4248929f96907491577e,,0.2,0.8280254777070064,0.7783979631805719,1.0,0.8260869565217391,0.7852866242038218,0.7068488053270663,0.8963063063063064,0.517391304347826,0.9683860232945092,0.950481525428406,1.0,0.9101796407185628,0.9010149750415972,0.8530334032396037,0.961036866359447,0.7450299401197604,loki,False,sgd,0.001,100,0,5.0,vit,False,100
74a13f3865e3449396b86d6a944d946b,,0.2,0.8598726114649682,0.7937720329024677,1.0,0.8043478260869565,0.783503184713376,0.7050146886016451,0.8945945945945947,0.5154347826086957,0.9700499168053244,0.9590013521344408,1.0,0.934131736526946,0.8836106489184692,0.8253999144568007,0.9564285714285716,0.6943712574850299,loki,False,sgd,0.0001,100,0,5.0,vit,False,100
c98d5f0e3e66456d92d33b15d548aedc,,0.2,0.8407643312101911,0.8237367802585195,1.0,0.782608695652174,0.7919108280254776,0.7199990207598903,0.8936936936936936,0.5463043478260871,0.9733777038269552,0.9590013521344408,1.0,0.934131736526946,0.9065557404326122,0.8644033361847733,0.9592857142857144,0.7695209580838324,loki,False,sgd,0.0005,100,0,5.0,vit,False,100
0e14c95b7b1c4b21a84276d8704e075e,,0.2,0.9363057324840764,0.9186251468860164,1.0,0.9782608695652174,0.8860509554140128,0.8273756365060713,0.9690990990990992,0.6856521739130436,0.966722129783694,0.9511713899390158,1.0,0.9161676646706588,0.916738768718802,0.8716750600182123,0.9731105990783412,0.7702395209580838,loki,False,ranger,0.01,100,0,5.0,vit,False,100
86c1399693704e6793981912dbd5aac0,,0.2,0.9235668789808916,0.8878770074422249,1.0,0.8478260869565217,0.8436942675159237,0.7489825695260477,0.977747747747748,0.5202173913043479,0.9534109816971714,0.9327451088606198,1.0,0.8922155688622755,0.8672878535773713,0.7809984409062061,0.9752304147465438,0.5867664670658682,loki,False,ranger,0.001,100,0,5.0,vit,False,100
84a3626434884ff69f608c7d3f326153,,0.2,0.8471337579617835,0.790050920485703,1.0,0.7608695652173914,0.7947770700636945,0.7208803368585976,0.8993693693693694,0.5423913043478261,0.9650582362728786,0.9507091807169072,1.0,0.9221556886227544,0.9119134775374376,0.871796890090786,0.9620967741935484,0.781497005988024,loki,False,ranger,0.0001,100,0,5.0,vit,False,100
e943455d558e416fbab9581311930a37,,0.2,0.9171974522292994,0.8905209557383471,1.0,0.8695652173913043,0.8172611464968154,0.7320710928319624,0.9378378378378379,0.5263043478260869,0.9584026622296173,0.9398852065454344,0.9861751152073732,0.8982035928143712,0.8624459234608988,0.788126534948536,0.9554147465437789,0.6208383233532934,loki,False,ranger,0.0005,100,0,5.0,vit,False,100
