backbone,optim,lr,batch_size,frac_val,early_start,epochs,output_tab,double_img,torch_version,torchvision_version,executed,mem_usage,cum_mem
shuffle,adam,0.01,16,0.2,100,100,0,0.0,1.12.0+cu113,0.13.0+cu113,1,1326,1326
shuffle,radam,0.0005,16,0.2,100,100,0,0.0,1.12.0+cu113,0.13.0+cu113,1,1326,2652
shuffle,radam,0.0001,16,0.2,100,100,0,0.0,1.12.0+cu113,0.13.0+cu113,1,1326,3978
shuffle,radam,0.001,16,0.2,100,100,0,0.0,1.12.0+cu113,0.13.0+cu113,1,1326,5304
shuffle,radam,0.01,16,0.2,100,100,0,0.0,1.12.0+cu113,0.13.0+cu113,1,1326,6630
shuffle,sgd,0.0005,16,0.2,100,100,0,0.0,1.12.0+cu113,0.13.0+cu113,1,1326,7956
shuffle,sgd,0.0001,16,0.2,100,100,0,0.0,1.12.0+cu113,0.13.0+cu113,1,1326,9282
shuffle,sgd,0.001,16,0.2,100,100,0,0.0,1.12.0+cu113,0.13.0+cu113,1,1326,10608
shuffle,adam,0.001,16,0.2,100,100,0,0.0,1.12.0+cu113,0.13.0+cu113,1,1326,11934
shuffle,ranger,0.0005,16,0.2,100,100,0,0.0,1.12.0+cu113,0.13.0+cu113,1,1326,13260
shuffle,ranger,0.0001,16,0.2,100,100,0,0.0,1.12.0+cu113,0.13.0+cu113,1,1326,14586
shuffle,ranger,0.001,16,0.2,100,100,0,0.0,1.12.0+cu113,0.13.0+cu113,1,1326,15912
shuffle,ranger,0.01,16,0.2,100,100,0,0.0,1.12.0+cu113,0.13.0+cu113,1,1326,17238
shuffle,adam,0.0005,16,0.2,100,100,0,0.0,1.12.0+cu113,0.13.0+cu113,1,1326,18564
shuffle,adam,0.0001,16,0.2,100,100,0,0.0,1.12.0+cu113,0.13.0+cu113,1,1326,19890
shuffle,sgd,0.01,16,0.2,100,100,0,0.0,1.12.0+cu113,0.13.0+cu113,1,1326,21216
shuffle,radam,0.0005,16,0.2,100,100,5,0.0,1.12.0+cu113,0.13.0+cu113,1,1350,22566
shuffle,radam,0.0001,16,0.2,100,100,5,0.0,1.12.0+cu113,0.13.0+cu113,1,1350,23916
shuffle,radam,0.001,16,0.2,100,100,5,0.0,1.12.0+cu113,0.13.0+cu113,1,1350,25266
shuffle,radam,0.01,16,0.2,100,100,5,0.0,1.12.0+cu113,0.13.0+cu113,1,1350,26616
shuffle,sgd,0.0005,16,0.2,100,100,5,0.0,1.12.0+cu113,0.13.0+cu113,1,1350,27966
shuffle,sgd,0.0001,16,0.2,100,100,5,0.0,1.12.0+cu113,0.13.0+cu113,1,1350,29316
shuffle,sgd,0.001,16,0.2,100,100,5,0.0,1.12.0+cu113,0.13.0+cu113,1,1350,30666
shuffle,sgd,0.01,16,0.2,100,100,5,0.0,1.12.0+cu113,0.13.0+cu113,1,1350,32016
shuffle,ranger,0.0005,16,0.2,100,100,5,0.0,1.12.0+cu113,0.13.0+cu113,1,1350,33366
shuffle,ranger,0.0001,16,0.2,100,100,5,0.0,1.12.0+cu113,0.13.0+cu113,1,1350,34716
shuffle,ranger,0.001,16,0.2,100,100,5,0.0,1.12.0+cu113,0.13.0+cu113,1,1350,36066
shuffle,ranger,0.01,16,0.2,100,100,5,0.0,1.12.0+cu113,0.13.0+cu113,1,1350,37416
shuffle,adam,0.0005,16,0.2,100,100,5,0.0,1.12.0+cu113,0.13.0+cu113,1,1350,38766
shuffle,adam,0.0001,16,0.2,100,100,5,0.0,1.12.0+cu113,0.13.0+cu113,1,1350,40116
shuffle,adam,0.001,16,0.2,100,100,5,0.0,1.12.0+cu113,0.13.0+cu113,1,1350,41466
shuffle,adam,0.01,16,0.2,100,100,5,0.0,1.12.0+cu113,0.13.0+cu113,1,1350,42816
mobile,radam,0.0005,16,0.2,100,100,0,0.0,1.12.0+cu113,0.13.0+cu113,1,1676,44492
mobile,radam,0.0001,16,0.2,100,100,0,0.0,1.12.0+cu113,0.13.0+cu113,1,1676,46168
mobile,radam,0.001,16,0.2,100,100,0,0.0,1.12.0+cu113,0.13.0+cu113,1,1676,47844
mobile,radam,0.01,16,0.2,100,100,0,0.0,1.12.0+cu113,0.13.0+cu113,1,1676,49520
mobile,sgd,0.0005,16,0.2,100,100,0,0.0,1.12.0+cu113,0.13.0+cu113,1,1676,51196
mobile,sgd,0.0001,16,0.2,100,100,0,0.0,1.12.0+cu113,0.13.0+cu113,1,1676,52872
mobile,sgd,0.001,16,0.2,100,100,0,0.0,1.12.0+cu113,0.13.0+cu113,1,1676,54548
mobile,ranger,0.001,16,0.2,100,100,0,0.0,1.12.0+cu113,0.13.0+cu113,1,1676,56224
mobile,ranger,0.0005,16,0.2,100,100,0,0.0,1.12.0+cu113,0.13.0+cu113,1,1676,57900
mobile,sgd,0.01,16,0.2,100,100,0,0.0,1.12.0+cu113,0.13.0+cu113,1,1676,59576
mobile,adam,0.001,16,0.2,100,100,0,0.0,1.12.0+cu113,0.13.0+cu113,1,1676,61252
mobile,adam,0.0001,16,0.2,100,100,0,0.0,1.12.0+cu113,0.13.0+cu113,1,1676,62928
mobile,adam,0.01,16,0.2,100,100,0,0.0,1.12.0+cu113,0.13.0+cu113,1,1676,64604
mobile,ranger,0.01,16,0.2,100,100,0,0.0,1.12.0+cu113,0.13.0+cu113,1,1676,66280
mobile,ranger,0.0001,16,0.2,100,100,0,0.0,1.12.0+cu113,0.13.0+cu113,1,1676,67956
mobile,adam,0.0005,16,0.2,100,100,0,0.0,1.12.0+cu113,0.13.0+cu113,1,1676,69632
mobile,radam,0.0001,16,0.2,100,100,5,0.0,1.12.0+cu113,0.13.0+cu113,1,1684,71316
mobile,radam,0.001,16,0.2,100,100,5,0.0,1.12.0+cu113,0.13.0+cu113,1,1684,73000
mobile,radam,0.01,16,0.2,100,100,5,0.0,1.12.0+cu113,0.13.0+cu113,1,1684,74684
mobile,sgd,0.0005,16,0.2,100,100,5,0.0,1.12.0+cu113,0.13.0+cu113,1,1684,76368
mobile,sgd,0.0001,16,0.2,100,100,5,0.0,1.12.0+cu113,0.13.0+cu113,1,1684,78052
mobile,sgd,0.001,16,0.2,100,100,5,0.0,1.12.0+cu113,0.13.0+cu113,1,1684,79736
mobile,sgd,0.01,16,0.2,100,100,5,0.0,1.12.0+cu113,0.13.0+cu113,1,1684,81420
mobile,ranger,0.0005,16,0.2,100,100,5,0.0,1.12.0+cu113,0.13.0+cu113,1,1684,83104
mobile,ranger,0.001,16,0.2,100,100,5,0.0,1.12.0+cu113,0.13.0+cu113,1,1684,84788
mobile,adam,0.0005,16,0.2,100,100,5,0.0,1.12.0+cu113,0.13.0+cu113,1,1684,86472
mobile,adam,0.0001,16,0.2,100,100,5,0.0,1.12.0+cu113,0.13.0+cu113,1,1684,88156
mobile,adam,0.001,16,0.2,100,100,5,0.0,1.12.0+cu113,0.13.0+cu113,1,1684,89840
mobile,adam,0.01,16,0.2,100,100,5,0.0,1.12.0+cu113,0.13.0+cu113,1,1684,91524
mobile,radam,0.0005,16,0.2,100,100,5,0.0,1.12.0+cu113,0.13.0+cu113,1,1684,93208
mobile,ranger,0.0001,16,0.2,100,100,5,0.0,1.12.0+cu113,0.13.0+cu113,1,1684,94892
mobile,ranger,0.01,16,0.2,100,100,5,0.0,1.12.0+cu113,0.13.0+cu113,1,1684,96576
regnetx,adam,0.01,16,0.2,100,100,0,0.0,1.12.0+cu113,0.13.0+cu113,1,1706,98282
regnetx,sgd,0.0005,16,0.2,100,100,0,0.0,1.12.0+cu113,0.13.0+cu113,1,1706,99988
regnetx,radam,0.0005,16,0.2,100,100,0,0.0,1.12.0+cu113,0.13.0+cu113,1,1706,101694
regnetx,radam,0.0001,16,0.2,100,100,0,0.0,1.12.0+cu113,0.13.0+cu113,1,1706,103400
regnetx,radam,0.001,16,0.2,100,100,0,0.0,1.12.0+cu113,0.13.0+cu113,1,1706,105106
regnetx,radam,0.01,16,0.2,100,100,0,0.0,1.12.0+cu113,0.13.0+cu113,1,1706,106812
regnetx,sgd,0.0001,16,0.2,100,100,0,0.0,1.12.0+cu113,0.13.0+cu113,1,1706,108518
regnetx,sgd,0.001,16,0.2,100,100,0,0.0,1.12.0+cu113,0.13.0+cu113,1,1706,110224
regnetx,sgd,0.01,16,0.2,100,100,0,0.0,1.12.0+cu113,0.13.0+cu113,1,1706,111930
regnetx,ranger,0.0001,16,0.2,100,100,0,0.0,1.12.0+cu113,0.13.0+cu113,1,1706,113636
regnetx,ranger,0.001,16,0.2,100,100,0,0.0,1.12.0+cu113,0.13.0+cu113,1,1706,115342
regnetx,ranger,0.01,16,0.2,100,100,0,0.0,1.12.0+cu113,0.13.0+cu113,1,1706,117048
regnetx,adam,0.0005,16,0.2,100,100,0,0.0,1.12.0+cu113,0.13.0+cu113,1,1706,118754
regnetx,adam,0.0001,16,0.2,100,100,0,0.0,1.12.0+cu113,0.13.0+cu113,1,1706,120460
regnetx,adam,0.001,16,0.2,100,100,0,0.0,1.12.0+cu113,0.13.0+cu113,1,1706,122166
regnetx,ranger,0.0005,16,0.2,100,100,0,0.0,1.12.0+cu113,0.13.0+cu113,1,1706,123872
regnetx,radam,0.01,16,0.2,100,100,5,0.0,1.12.0+cu113,0.13.0+cu113,1,1712,125584
regnetx,sgd,0.0005,16,0.2,100,100,5,0.0,1.12.0+cu113,0.13.0+cu113,1,1712,127296
regnetx,radam,0.001,16,0.2,100,100,5,0.0,1.12.0+cu113,0.13.0+cu113,1,1712,129008
regnetx,sgd,0.0001,16,0.2,100,100,5,0.0,1.12.0+cu113,0.13.0+cu113,1,1712,130720
regnetx,radam,0.0005,16,0.2,100,100,5,0.0,1.12.0+cu113,0.13.0+cu113,1,1712,132432
regnetx,sgd,0.001,16,0.2,100,100,5,0.0,1.12.0+cu113,0.13.0+cu113,1,1712,134144
regnetx,radam,0.0001,16,0.2,100,100,5,0.0,1.12.0+cu113,0.13.0+cu113,1,1712,135856
regnetx,sgd,0.01,16,0.2,100,100,5,0.0,1.12.0+cu113,0.13.0+cu113,1,1712,137568
regnetx,adam,0.0005,16,0.2,100,100,5,0.0,1.12.0+cu113,0.13.0+cu113,1,1712,139280
regnetx,ranger,0.0001,16,0.2,100,100,5,0.0,1.12.0+cu113,0.13.0+cu113,1,1712,140992
regnetx,ranger,0.001,16,0.2,100,100,5,0.0,1.12.0+cu113,0.13.0+cu113,1,1712,142704
regnetx,ranger,0.01,16,0.2,100,100,5,0.0,1.12.0+cu113,0.13.0+cu113,1,1712,144416
regnetx,adam,0.0001,16,0.2,100,100,5,0.0,1.12.0+cu113,0.13.0+cu113,1,1712,146128
regnetx,adam,0.001,16,0.2,100,100,5,0.0,1.12.0+cu113,0.13.0+cu113,1,1712,147840
regnetx,adam,0.01,16,0.2,100,100,5,0.0,1.12.0+cu113,0.13.0+cu113,1,1712,149552
regnetx,ranger,0.0005,16,0.2,100,100,5,0.0,1.12.0+cu113,0.13.0+cu113,1,1712,151264
regnet,radam,0.0005,16,0.2,100,100,0,0.0,1.12.0+cu113,0.13.0+cu113,1,1800,153064
regnet,sgd,0.001,16,0.2,100,100,0,0.0,1.12.0+cu113,0.13.0+cu113,1,1800,154864
regnet,radam,0.0001,16,0.2,100,100,0,0.0,1.12.0+cu113,0.13.0+cu113,1,1800,156664
regnet,radam,0.001,16,0.2,100,100,0,0.0,1.12.0+cu113,0.13.0+cu113,1,1800,158464
regnet,radam,0.01,16,0.2,100,100,0,0.0,1.12.0+cu113,0.13.0+cu113,1,1800,160264
regnet,sgd,0.0005,16,0.2,100,100,0,0.0,1.12.0+cu113,0.13.0+cu113,1,1800,162064
regnet,sgd,0.0001,16,0.2,100,100,0,0.0,1.12.0+cu113,0.13.0+cu113,1,1800,163864
regnet,sgd,0.01,16,0.2,100,100,0,0.0,1.12.0+cu113,0.13.0+cu113,1,1800,165664
regnet,adam,0.01,16,0.2,100,100,0,0.0,1.12.0+cu113,0.13.0+cu113,1,1800,167464
regnet,ranger,0.0001,16,0.2,100,100,0,0.0,1.12.0+cu113,0.13.0+cu113,1,1800,169264
regnet,ranger,0.001,16,0.2,100,100,0,0.0,1.12.0+cu113,0.13.0+cu113,1,1800,171064
regnet,ranger,0.01,16,0.2,100,100,0,0.0,1.12.0+cu113,0.13.0+cu113,1,1800,172864
regnet,adam,0.0005,16,0.2,100,100,0,0.0,1.12.0+cu113,0.13.0+cu113,1,1800,174664
regnet,adam,0.0001,16,0.2,100,100,0,0.0,1.12.0+cu113,0.13.0+cu113,1,1800,176464
regnet,adam,0.001,16,0.2,100,100,0,0.0,1.12.0+cu113,0.13.0+cu113,1,1800,178264
regnet,ranger,0.0005,16,0.2,100,100,0,0.0,1.12.0+cu113,0.13.0+cu113,1,1800,180064
regnet,sgd,0.001,16,0.2,100,100,5,0.0,1.12.0+cu113,0.13.0+cu113,1,1802,181866
regnet,radam,0.0001,16,0.2,100,100,5,0.0,1.12.0+cu113,0.13.0+cu113,1,1802,183668
regnet,radam,0.001,16,0.2,100,100,5,0.0,1.12.0+cu113,0.13.0+cu113,1,1802,185470
regnet,radam,0.01,16,0.2,100,100,5,0.0,1.12.0+cu113,0.13.0+cu113,1,1802,187272
regnet,sgd,0.0005,16,0.2,100,100,5,0.0,1.12.0+cu113,0.13.0+cu113,1,1802,189074
regnet,sgd,0.0001,16,0.2,100,100,5,0.0,1.12.0+cu113,0.13.0+cu113,1,1802,190876
regnet,sgd,0.01,16,0.2,100,100,5,0.0,1.12.0+cu113,0.13.0+cu113,1,1802,192678
regnet,radam,0.0005,16,0.2,100,100,5,0.0,1.12.0+cu113,0.13.0+cu113,1,1802,194480
regnet,ranger,0.0001,16,0.2,100,100,5,0.0,1.12.0+cu113,0.13.0+cu113,1,1802,196282
regnet,ranger,0.001,16,0.2,100,100,5,0.0,1.12.0+cu113,0.13.0+cu113,1,1802,198084
regnet,ranger,0.01,16,0.2,100,100,5,0.0,1.12.0+cu113,0.13.0+cu113,1,1802,199886
regnet,adam,0.0005,16,0.2,100,100,5,0.0,1.12.0+cu113,0.13.0+cu113,1,1802,201688
regnet,adam,0.0001,16,0.2,100,100,5,0.0,1.12.0+cu113,0.13.0+cu113,1,1802,203490
regnet,adam,0.001,16,0.2,100,100,5,0.0,1.12.0+cu113,0.13.0+cu113,1,1802,205292
regnet,adam,0.01,16,0.2,100,100,5,0.0,1.12.0+cu113,0.13.0+cu113,1,1802,207094
regnet,ranger,0.0005,16,0.2,100,100,5,0.0,1.12.0+cu113,0.13.0+cu113,1,1802,208896
shuffle,radam,0.0005,16,0.2,100,100,5,1.0,1.12.0+cu113,0.13.0+cu113,1,1896,210792
shuffle,radam,0.0001,16,0.2,100,100,5,1.0,1.12.0+cu113,0.13.0+cu113,1,1896,212688
shuffle,adam,0.01,16,0.2,100,100,0,1.0,1.12.0+cu113,0.13.0+cu113,1,1896,214584
shuffle,adam,0.001,16,0.2,100,100,0,1.0,1.12.0+cu113,0.13.0+cu113,1,1896,216480
shuffle,adam,0.0001,16,0.2,100,100,0,1.0,1.12.0+cu113,0.13.0+cu113,1,1896,218376
shuffle,adam,0.0005,16,0.2,100,100,0,1.0,1.12.0+cu113,0.13.0+cu113,1,1896,220272
shuffle,ranger,0.001,16,0.2,100,100,0,1.0,1.12.0+cu113,0.13.0+cu113,1,1896,222168
shuffle,ranger,0.0001,16,0.2,100,100,0,1.0,1.12.0+cu113,0.13.0+cu113,1,1896,224064
shuffle,ranger,0.0005,16,0.2,100,100,0,1.0,1.12.0+cu113,0.13.0+cu113,1,1896,225960
shuffle,sgd,0.01,16,0.2,100,100,0,1.0,1.12.0+cu113,0.13.0+cu113,1,1896,227856
shuffle,sgd,0.001,16,0.2,100,100,0,1.0,1.12.0+cu113,0.13.0+cu113,1,1896,229752
shuffle,sgd,0.0001,16,0.2,100,100,0,1.0,1.12.0+cu113,0.13.0+cu113,1,1896,231648
shuffle,sgd,0.0005,16,0.2,100,100,0,1.0,1.12.0+cu113,0.13.0+cu113,1,1896,233544
shuffle,radam,0.01,16,0.2,100,100,0,1.0,1.12.0+cu113,0.13.0+cu113,1,1896,235440
shuffle,radam,0.001,16,0.2,100,100,0,1.0,1.12.0+cu113,0.13.0+cu113,1,1896,237336
shuffle,radam,0.0001,16,0.2,100,100,0,1.0,1.12.0+cu113,0.13.0+cu113,1,1896,239232
shuffle,radam,0.0005,16,0.2,100,100,0,1.0,1.12.0+cu113,0.13.0+cu113,1,1896,241128
shuffle,ranger,0.01,16,0.2,100,100,0,1.0,1.12.0+cu113,0.13.0+cu113,1,1896,243024
shuffle,adam,0.001,16,0.2,100,100,5,1.0,1.12.0+cu113,0.13.0+cu113,1,1896,244920
shuffle,adam,0.01,16,0.2,100,100,5,1.0,1.12.0+cu113,0.13.0+cu113,1,1896,246816
shuffle,radam,0.001,16,0.2,100,100,5,1.0,1.12.0+cu113,0.13.0+cu113,1,1896,248712
shuffle,radam,0.01,16,0.2,100,100,5,1.0,1.12.0+cu113,0.13.0+cu113,1,1896,250608
shuffle,sgd,0.0001,16,0.2,100,100,5,1.0,1.12.0+cu113,0.13.0+cu113,1,1896,252504
shuffle,sgd,0.001,16,0.2,100,100,5,1.0,1.12.0+cu113,0.13.0+cu113,1,1896,254400
shuffle,sgd,0.01,16,0.2,100,100,5,1.0,1.12.0+cu113,0.13.0+cu113,1,1896,256296
shuffle,sgd,0.0005,16,0.2,100,100,5,1.0,1.12.0+cu113,0.13.0+cu113,1,1896,258192
shuffle,ranger,0.0001,16,0.2,100,100,5,1.0,1.12.0+cu113,0.13.0+cu113,1,1896,260088
shuffle,ranger,0.001,16,0.2,100,100,5,1.0,1.12.0+cu113,0.13.0+cu113,1,1896,261984
shuffle,ranger,0.01,16,0.2,100,100,5,1.0,1.12.0+cu113,0.13.0+cu113,1,1896,263880
shuffle,adam,0.0005,16,0.2,100,100,5,1.0,1.12.0+cu113,0.13.0+cu113,1,1896,265776
shuffle,adam,0.0001,16,0.2,100,100,5,1.0,1.12.0+cu113,0.13.0+cu113,1,1896,267672
shuffle,ranger,0.0005,16,0.2,100,100,5,1.0,1.12.0+cu113,0.13.0+cu113,1,1896,269568
regnet16x,radam,0.0005,16,0.2,100,100,0,0.0,1.12.0+cu113,0.13.0+cu113,1,2130,271698
regnet16x,sgd,0.01,16,0.2,100,100,0,0.0,1.12.0+cu113,0.13.0+cu113,1,2130,273828
regnet16x,radam,0.0001,16,0.2,100,100,0,0.0,1.12.0+cu113,0.13.0+cu113,1,2130,275958
regnet16x,radam,0.001,16,0.2,100,100,0,0.0,1.12.0+cu113,0.13.0+cu113,1,2130,278088
regnet16x,radam,0.01,16,0.2,100,100,0,0.0,1.12.0+cu113,0.13.0+cu113,1,2130,280218
regnet16x,sgd,0.0005,16,0.2,100,100,0,0.0,1.12.0+cu113,0.13.0+cu113,1,2130,282348
regnet16x,sgd,0.0001,16,0.2,100,100,0,0.0,1.12.0+cu113,0.13.0+cu113,1,2130,284478
regnet16x,sgd,0.001,16,0.2,100,100,0,0.0,1.12.0+cu113,0.13.0+cu113,1,2130,286608
regnet16x,ranger,0.0005,16,0.2,100,100,0,0.0,1.12.0+cu113,0.13.0+cu113,1,2130,288738
regnet16x,adam,0.0001,16,0.2,100,100,0,0.0,1.12.0+cu113,0.13.0+cu113,1,2130,290868
regnet16x,ranger,0.001,16,0.2,100,100,0,0.0,1.12.0+cu113,0.13.0+cu113,1,2130,292998
regnet16x,ranger,0.01,16,0.2,100,100,0,0.0,1.12.0+cu113,0.13.0+cu113,1,2130,295128
regnet16x,adam,0.0005,16,0.2,100,100,0,0.0,1.12.0+cu113,0.13.0+cu113,1,2130,297258
regnet16x,adam,0.001,16,0.2,100,100,0,0.0,1.12.0+cu113,0.13.0+cu113,1,2130,299388
regnet16x,adam,0.01,16,0.2,100,100,0,0.0,1.12.0+cu113,0.13.0+cu113,1,2130,301518
regnet16x,ranger,0.0001,16,0.2,100,100,0,0.0,1.12.0+cu113,0.13.0+cu113,1,2130,303648
regnet16x,sgd,0.0001,16,0.2,100,100,5,0.0,1.12.0+cu113,0.13.0+cu113,1,2148,305796
regnet16x,sgd,0.0005,16,0.2,100,100,5,0.0,1.12.0+cu113,0.13.0+cu113,1,2148,307944
regnet16x,ranger,0.0001,16,0.2,100,100,5,0.0,1.12.0+cu113,0.13.0+cu113,1,2148,310092
regnet16x,sgd,0.001,16,0.2,100,100,5,0.0,1.12.0+cu113,0.13.0+cu113,1,2148,312240
regnet16x,sgd,0.01,16,0.2,100,100,5,0.0,1.12.0+cu113,0.13.0+cu113,1,2148,314388
regnet16x,ranger,0.0005,16,0.2,100,100,5,0.0,1.12.0+cu113,0.13.0+cu113,1,2148,316536
regnet16x,ranger,0.001,16,0.2,100,100,5,0.0,1.12.0+cu113,0.13.0+cu113,1,2148,318684
regnet16x,radam,0.001,16,0.2,100,100,5,0.0,1.12.0+cu113,0.13.0+cu113,1,2148,320832
regnet16x,adam,0.0005,16,0.2,100,100,5,0.0,1.12.0+cu113,0.13.0+cu113,1,2148,322980
regnet16x,adam,0.0001,16,0.2,100,100,5,0.0,1.12.0+cu113,0.13.0+cu113,1,2148,325128
regnet16x,adam,0.001,16,0.2,100,100,5,0.0,1.12.0+cu113,0.13.0+cu113,1,2148,327276
regnet16x,adam,0.01,16,0.2,100,100,5,0.0,1.12.0+cu113,0.13.0+cu113,1,2148,329424
regnet16x,radam,0.0005,16,0.2,100,100,5,0.0,1.12.0+cu113,0.13.0+cu113,1,2148,331572
regnet16x,radam,0.01,16,0.2,100,100,5,0.0,1.12.0+cu113,0.13.0+cu113,1,2148,333720
regnet16x,ranger,0.01,16,0.2,100,100,5,0.0,1.12.0+cu113,0.13.0+cu113,1,2148,335868
regnet16x,radam,0.0001,16,0.2,100,100,5,0.0,1.12.0+cu113,0.13.0+cu113,1,2148,338016
regnet16,adam,0.0001,16,0.2,100,100,0,0.0,1.12.0+cu113,0.13.0+cu113,1,2358,340374
regnet16,adam,0.001,16,0.2,100,100,0,0.0,1.12.0+cu113,0.13.0+cu113,1,2358,342732
regnet16,adam,0.01,16,0.2,100,100,0,0.0,1.12.0+cu113,0.13.0+cu113,1,2358,345090
regnet16,radam,0.0005,16,0.2,100,100,0,0.0,1.12.0+cu113,0.13.0+cu113,1,2358,347448
regnet16,radam,0.0001,16,0.2,100,100,0,0.0,1.12.0+cu113,0.13.0+cu113,1,2358,349806
regnet16,radam,0.001,16,0.2,100,100,0,0.0,1.12.0+cu113,0.13.0+cu113,1,2358,352164
regnet16,sgd,0.0005,16,0.2,100,100,0,0.0,1.12.0+cu113,0.13.0+cu113,1,2358,354522
regnet16,sgd,0.0001,16,0.2,100,100,0,0.0,1.12.0+cu113,0.13.0+cu113,1,2358,356880
regnet16,radam,0.01,16,0.2,100,100,0,0.0,1.12.0+cu113,0.13.0+cu113,1,2358,359238
regnet16,sgd,0.01,16,0.2,100,100,0,0.0,1.12.0+cu113,0.13.0+cu113,1,2358,361596
regnet16,ranger,0.0005,16,0.2,100,100,0,0.0,1.12.0+cu113,0.13.0+cu113,1,2358,363954
regnet16,ranger,0.0001,16,0.2,100,100,0,0.0,1.12.0+cu113,0.13.0+cu113,1,2358,366312
regnet16,ranger,0.001,16,0.2,100,100,0,0.0,1.12.0+cu113,0.13.0+cu113,1,2358,368670
regnet16,ranger,0.01,16,0.2,100,100,0,0.0,1.12.0+cu113,0.13.0+cu113,1,2358,371028
regnet16,adam,0.0005,16,0.2,100,100,0,0.0,1.12.0+cu113,0.13.0+cu113,1,2358,373386
regnet16,sgd,0.001,16,0.2,100,100,0,0.0,1.12.0+cu113,0.13.0+cu113,1,2358,375744
regnet16,sgd,0.001,16,0.2,100,100,5,0.0,1.12.0+cu113,0.13.0+cu113,1,2368,378112
regnet16,radam,0.0001,16,0.2,100,100,5,0.0,1.12.0+cu113,0.13.0+cu113,1,2368,380480
regnet16,radam,0.001,16,0.2,100,100,5,0.0,1.12.0+cu113,0.13.0+cu113,1,2368,382848
regnet16,radam,0.01,16,0.2,100,100,5,0.0,1.12.0+cu113,0.13.0+cu113,1,2368,385216
regnet16,sgd,0.0005,16,0.2,100,100,5,0.0,1.12.0+cu113,0.13.0+cu113,1,2368,387584
regnet16,sgd,0.0001,16,0.2,100,100,5,0.0,1.12.0+cu113,0.13.0+cu113,1,2368,389952
regnet16,sgd,0.01,16,0.2,100,100,5,0.0,1.12.0+cu113,0.13.0+cu113,1,2368,392320
regnet16,radam,0.0005,16,0.2,100,100,5,0.0,1.12.0+cu113,0.13.0+cu113,1,2368,394688
regnet16,ranger,0.0001,16,0.2,100,100,5,0.0,1.12.0+cu113,0.13.0+cu113,1,2368,397056
regnet16,ranger,0.001,16,0.2,100,100,5,0.0,1.12.0+cu113,0.13.0+cu113,1,2368,399424
regnet16,ranger,0.01,16,0.2,100,100,5,0.0,1.12.0+cu113,0.13.0+cu113,1,2368,401792
regnet16,adam,0.0005,16,0.2,100,100,5,0.0,1.12.0+cu113,0.13.0+cu113,1,2368,404160
regnet16,adam,0.0001,16,0.2,100,100,5,0.0,1.12.0+cu113,0.13.0+cu113,1,2368,406528
regnet16,adam,0.01,16,0.2,100,100,5,0.0,1.12.0+cu113,0.13.0+cu113,1,2368,408896
regnet16,ranger,0.0005,16,0.2,100,100,5,0.0,1.12.0+cu113,0.13.0+cu113,1,2368,411264
regnet16,adam,0.001,16,0.2,100,100,5,0.0,1.12.0+cu113,0.13.0+cu113,1,2368,413632
efficient,adam,0.01,16,0.2,100,100,0,0.0,1.12.0+cu113,0.13.0+cu113,1,2378,416010
efficient,radam,0.0001,16,0.2,100,100,0,0.0,1.12.0+cu113,0.13.0+cu113,1,2378,418388
efficient,adam,0.001,16,0.2,100,100,0,0.0,1.12.0+cu113,0.13.0+cu113,1,2378,420766
efficient,adam,0.0001,16,0.2,100,100,0,0.0,1.12.0+cu113,0.13.0+cu113,1,2378,423144
efficient,adam,0.0005,16,0.2,100,100,0,0.0,1.12.0+cu113,0.13.0+cu113,1,2378,425522
efficient,ranger,0.01,16,0.2,100,100,0,0.0,1.12.0+cu113,0.13.0+cu113,1,2378,427900
efficient,ranger,0.001,16,0.2,100,100,0,0.0,1.12.0+cu113,0.13.0+cu113,1,2378,430278
efficient,ranger,0.0001,16,0.2,100,100,0,0.0,1.12.0+cu113,0.13.0+cu113,1,2378,432656
efficient,ranger,0.0005,16,0.2,100,100,0,0.0,1.12.0+cu113,0.13.0+cu113,1,2378,435034
efficient,sgd,0.01,16,0.2,100,100,0,0.0,1.12.0+cu113,0.13.0+cu113,1,2378,437412
efficient,sgd,0.001,16,0.2,100,100,0,0.0,1.12.0+cu113,0.13.0+cu113,1,2378,439790
efficient,sgd,0.0001,16,0.2,100,100,0,0.0,1.12.0+cu113,0.13.0+cu113,1,2378,442168
efficient,sgd,0.0005,16,0.2,100,100,0,0.0,1.12.0+cu113,0.13.0+cu113,1,2378,444546
efficient,radam,0.01,16,0.2,100,100,0,0.0,1.12.0+cu113,0.13.0+cu113,1,2378,446924
efficient,radam,0.0005,16,0.2,100,100,0,0.0,1.12.0+cu113,0.13.0+cu113,1,2378,449302
efficient,radam,0.001,16,0.2,100,100,0,0.0,1.12.0+cu113,0.13.0+cu113,1,2378,451680
efficient,radam,0.01,16,0.2,100,100,5,0.0,1.12.0+cu113,0.13.0+cu113,1,2394,454074
efficient,adam,0.01,16,0.2,100,100,5,0.0,1.12.0+cu113,0.13.0+cu113,1,2394,456468
efficient,adam,0.001,16,0.2,100,100,5,0.0,1.12.0+cu113,0.13.0+cu113,1,2394,458862
efficient,adam,0.0001,16,0.2,100,100,5,0.0,1.12.0+cu113,0.13.0+cu113,1,2394,461256
efficient,adam,0.0005,16,0.2,100,100,5,0.0,1.12.0+cu113,0.13.0+cu113,1,2394,463650
efficient,ranger,0.01,16,0.2,100,100,5,0.0,1.12.0+cu113,0.13.0+cu113,1,2394,466044
efficient,ranger,0.001,16,0.2,100,100,5,0.0,1.12.0+cu113,0.13.0+cu113,1,2394,468438
efficient,ranger,0.0001,16,0.2,100,100,5,0.0,1.12.0+cu113,0.13.0+cu113,1,2394,470832
efficient,ranger,0.0005,16,0.2,100,100,5,0.0,1.12.0+cu113,0.13.0+cu113,1,2394,473226
efficient,sgd,0.01,16,0.2,100,100,5,0.0,1.12.0+cu113,0.13.0+cu113,1,2394,475620
efficient,sgd,0.001,16,0.2,100,100,5,0.0,1.12.0+cu113,0.13.0+cu113,1,2394,478014
efficient,sgd,0.0001,16,0.2,100,100,5,0.0,1.12.0+cu113,0.13.0+cu113,1,2394,480408
efficient,sgd,0.0005,16,0.2,100,100,5,0.0,1.12.0+cu113,0.13.0+cu113,1,2394,482802
efficient,radam,0.001,16,0.2,100,100,5,0.0,1.12.0+cu113,0.13.0+cu113,1,2394,485196
efficient,radam,0.0001,16,0.2,100,100,5,0.0,1.12.0+cu113,0.13.0+cu113,1,2394,487590
efficient,radam,0.0005,16,0.2,100,100,5,0.0,1.12.0+cu113,0.13.0+cu113,1,2394,489984
regnetx,adam,0.01,16,0.2,100,100,0,1.0,1.12.0+cu113,0.13.0+cu113,1,2446,492430
regnetx,adam,0.0005,16,0.2,100,100,0,1.0,1.12.0+cu113,0.13.0+cu113,1,2446,494876
regnetx,ranger,0.01,16,0.2,100,100,0,1.0,1.12.0+cu113,0.13.0+cu113,1,2446,497322
regnetx,ranger,0.001,16,0.2,100,100,0,1.0,1.12.0+cu113,0.13.0+cu113,1,2446,499768
regnetx,ranger,0.0001,16,0.2,100,100,0,1.0,1.12.0+cu113,0.13.0+cu113,1,2446,502214
regnetx,ranger,0.0005,16,0.2,100,100,0,1.0,1.12.0+cu113,0.13.0+cu113,1,2446,504660
regnetx,sgd,0.01,16,0.2,100,100,0,1.0,1.12.0+cu113,0.13.0+cu113,1,2446,507106
regnetx,sgd,0.001,16,0.2,100,100,0,1.0,1.12.0+cu113,0.13.0+cu113,1,2446,509552
regnetx,sgd,0.0001,16,0.2,100,100,0,1.0,1.12.0+cu113,0.13.0+cu113,1,2446,511998
regnetx,sgd,0.0005,16,0.2,100,100,0,1.0,1.12.0+cu113,0.13.0+cu113,1,2446,514444
regnetx,radam,0.01,16,0.2,100,100,0,1.0,1.12.0+cu113,0.13.0+cu113,0,2446,516890
regnetx,radam,0.001,16,0.2,100,100,0,1.0,1.12.0+cu113,0.13.0+cu113,0,2446,519336
regnetx,radam,0.0001,16,0.2,100,100,0,1.0,1.12.0+cu113,0.13.0+cu113,0,2446,521782
regnetx,radam,0.0005,16,0.2,100,100,0,1.0,1.12.0+cu113,0.13.0+cu113,0,2446,524228
regnetx,adam,0.0001,16,0.2,100,100,0,1.0,1.12.0+cu113,0.13.0+cu113,1,2446,526674
regnetx,adam,0.001,16,0.2,100,100,0,1.0,1.12.0+cu113,0.13.0+cu113,1,2446,529120
regnetx,adam,0.001,16,0.2,100,100,5,1.0,1.12.0+cu113,0.13.0+cu113,1,2446,531566
regnetx,adam,0.0001,16,0.2,100,100,5,1.0,1.12.0+cu113,0.13.0+cu113,1,2446,534012
regnetx,adam,0.0005,16,0.2,100,100,5,1.0,1.12.0+cu113,0.13.0+cu113,1,2446,536458
regnetx,ranger,0.01,16,0.2,100,100,5,1.0,1.12.0+cu113,0.13.0+cu113,1,2446,538904
regnetx,ranger,0.001,16,0.2,100,100,5,1.0,1.12.0+cu113,0.13.0+cu113,1,2446,541350
regnetx,ranger,0.0001,16,0.2,100,100,5,1.0,1.12.0+cu113,0.13.0+cu113,1,2446,543796
regnetx,ranger,0.0005,16,0.2,100,100,5,1.0,1.12.0+cu113,0.13.0+cu113,1,2446,546242
regnetx,sgd,0.01,16,0.2,100,100,5,1.0,1.12.0+cu113,0.13.0+cu113,1,2446,548688
regnetx,sgd,0.001,16,0.2,100,100,5,1.0,1.12.0+cu113,0.13.0+cu113,1,2446,551134
regnetx,sgd,0.0001,16,0.2,100,100,5,1.0,1.12.0+cu113,0.13.0+cu113,1,2446,553580
regnetx,sgd,0.0005,16,0.2,100,100,5,1.0,1.12.0+cu113,0.13.0+cu113,1,2446,556026
regnetx,radam,0.01,16,0.2,100,100,5,1.0,1.12.0+cu113,0.13.0+cu113,0,2446,558472
regnetx,radam,0.001,16,0.2,100,100,5,1.0,1.12.0+cu113,0.13.0+cu113,0,2446,560918
regnetx,adam,0.01,16,0.2,100,100,5,1.0,1.12.0+cu113,0.13.0+cu113,1,2446,563364
regnetx,radam,0.0001,16,0.2,100,100,5,1.0,1.12.0+cu113,0.13.0+cu113,0,2446,565810
regnetx,radam,0.0005,16,0.2,100,100,5,1.0,1.12.0+cu113,0.13.0+cu113,0,2446,568256
mobile,adam,0.01,16,0.2,100,100,0,1.0,1.12.0+cu113,0.13.0+cu113,1,2456,570712
mobile,adam,0.0001,16,0.2,100,100,0,1.0,1.12.0+cu113,0.13.0+cu113,1,2456,573168
mobile,radam,0.0005,16,0.2,100,100,0,1.0,1.12.0+cu113,0.13.0+cu113,1,2456,575624
mobile,radam,0.0001,16,0.2,100,100,0,1.0,1.12.0+cu113,0.13.0+cu113,1,2456,578080
mobile,radam,0.001,16,0.2,100,100,0,1.0,1.12.0+cu113,0.13.0+cu113,1,2456,580536
mobile,radam,0.01,16,0.2,100,100,0,1.0,1.12.0+cu113,0.13.0+cu113,1,2456,582992
mobile,sgd,0.0005,16,0.2,100,100,0,1.0,1.12.0+cu113,0.13.0+cu113,1,2456,585448
mobile,sgd,0.0001,16,0.2,100,100,0,1.0,1.12.0+cu113,0.13.0+cu113,1,2456,587904
mobile,adam,0.001,16,0.2,100,100,0,1.0,1.12.0+cu113,0.13.0+cu113,1,2456,590360
mobile,sgd,0.01,16,0.2,100,100,0,1.0,1.12.0+cu113,0.13.0+cu113,1,2456,592816
mobile,ranger,0.0005,16,0.2,100,100,0,1.0,1.12.0+cu113,0.13.0+cu113,1,2456,595272
mobile,ranger,0.0001,16,0.2,100,100,0,1.0,1.12.0+cu113,0.13.0+cu113,1,2456,597728
mobile,ranger,0.001,16,0.2,100,100,0,1.0,1.12.0+cu113,0.13.0+cu113,1,2456,600184
mobile,ranger,0.01,16,0.2,100,100,0,1.0,1.12.0+cu113,0.13.0+cu113,1,2456,602640
mobile,adam,0.0005,16,0.2,100,100,0,1.0,1.12.0+cu113,0.13.0+cu113,1,2456,605096
mobile,sgd,0.001,16,0.2,100,100,0,1.0,1.12.0+cu113,0.13.0+cu113,1,2456,607552
mobile,radam,0.0005,16,0.2,100,100,5,1.0,1.12.0+cu113,0.13.0+cu113,1,2460,610012
mobile,radam,0.0001,16,0.2,100,100,5,1.0,1.12.0+cu113,0.13.0+cu113,1,2460,612472
mobile,radam,0.001,16,0.2,100,100,5,1.0,1.12.0+cu113,0.13.0+cu113,1,2460,614932
mobile,radam,0.01,16,0.2,100,100,5,1.0,1.12.0+cu113,0.13.0+cu113,1,2460,617392
mobile,sgd,0.0005,16,0.2,100,100,5,1.0,1.12.0+cu113,0.13.0+cu113,1,2460,619852
mobile,sgd,0.0001,16,0.2,100,100,5,1.0,1.12.0+cu113,0.13.0+cu113,1,2460,622312
mobile,sgd,0.001,16,0.2,100,100,5,1.0,1.12.0+cu113,0.13.0+cu113,1,2460,624772
mobile,ranger,0.0001,16,0.2,100,100,5,1.0,1.12.0+cu113,0.13.0+cu113,1,2460,627232
mobile,ranger,0.0005,16,0.2,100,100,5,1.0,1.12.0+cu113,0.13.0+cu113,1,2460,629692
mobile,ranger,0.001,16,0.2,100,100,5,1.0,1.12.0+cu113,0.13.0+cu113,1,2460,632152
mobile,ranger,0.01,16,0.2,100,100,5,1.0,1.12.0+cu113,0.13.0+cu113,1,2460,634612
mobile,adam,0.0005,16,0.2,100,100,5,1.0,1.12.0+cu113,0.13.0+cu113,1,2460,637072
mobile,adam,0.0001,16,0.2,100,100,5,1.0,1.12.0+cu113,0.13.0+cu113,1,2460,639532
mobile,adam,0.01,16,0.2,100,100,5,1.0,1.12.0+cu113,0.13.0+cu113,1,2460,641992
mobile,sgd,0.01,16,0.2,100,100,5,1.0,1.12.0+cu113,0.13.0+cu113,1,2460,644452
mobile,adam,0.001,16,0.2,100,100,5,1.0,1.12.0+cu113,0.13.0+cu113,1,2460,646912
regnet,radam,0.0005,16,0.2,100,100,5,1.0,1.12.0+cu113,0.13.0+cu113,1,2678,649590
regnet,adam,0.001,16,0.2,100,100,0,1.0,1.12.0+cu113,0.13.0+cu113,1,2678,652268
regnet,radam,0.0001,16,0.2,100,100,5,1.0,1.12.0+cu113,0.13.0+cu113,1,2678,654946
regnet,radam,0.001,16,0.2,100,100,5,1.0,1.12.0+cu113,0.13.0+cu113,1,2678,657624
regnet,radam,0.01,16,0.2,100,100,5,1.0,1.12.0+cu113,0.13.0+cu113,1,2678,660302
regnet,sgd,0.0005,16,0.2,100,100,5,1.0,1.12.0+cu113,0.13.0+cu113,1,2678,662980
regnet,sgd,0.0001,16,0.2,100,100,5,1.0,1.12.0+cu113,0.13.0+cu113,1,2678,665658
regnet,sgd,0.001,16,0.2,100,100,5,1.0,1.12.0+cu113,0.13.0+cu113,1,2678,668336
regnet,sgd,0.01,16,0.2,100,100,5,1.0,1.12.0+cu113,0.13.0+cu113,1,2678,671014
regnet,ranger,0.0005,16,0.2,100,100,5,1.0,1.12.0+cu113,0.13.0+cu113,1,2678,673692
regnet,ranger,0.0001,16,0.2,100,100,5,1.0,1.12.0+cu113,0.13.0+cu113,1,2678,676370
regnet,ranger,0.001,16,0.2,100,100,5,1.0,1.12.0+cu113,0.13.0+cu113,1,2678,679048
regnet,ranger,0.01,16,0.2,100,100,5,1.0,1.12.0+cu113,0.13.0+cu113,1,2678,681726
regnet,adam,0.0005,16,0.2,100,100,5,1.0,1.12.0+cu113,0.13.0+cu113,1,2678,684404
regnet,adam,0.0001,16,0.2,100,100,5,1.0,1.12.0+cu113,0.13.0+cu113,1,2678,687082
regnet,adam,0.01,16,0.2,100,100,0,1.0,1.12.0+cu113,0.13.0+cu113,1,2678,689760
regnet,adam,0.001,16,0.2,100,100,5,1.0,1.12.0+cu113,0.13.0+cu113,1,2678,692438
regnet,radam,0.0001,16,0.2,100,100,0,1.0,1.12.0+cu113,0.13.0+cu113,1,2678,695116
regnet,radam,0.001,16,0.2,100,100,0,1.0,1.12.0+cu113,0.13.0+cu113,1,2678,697794
regnet,radam,0.01,16,0.2,100,100,0,1.0,1.12.0+cu113,0.13.0+cu113,1,2678,700472
regnet,sgd,0.0005,16,0.2,100,100,0,1.0,1.12.0+cu113,0.13.0+cu113,1,2678,703150
regnet,sgd,0.0001,16,0.2,100,100,0,1.0,1.12.0+cu113,0.13.0+cu113,1,2678,705828
regnet,sgd,0.001,16,0.2,100,100,0,1.0,1.12.0+cu113,0.13.0+cu113,1,2678,708506
regnet,sgd,0.01,16,0.2,100,100,0,1.0,1.12.0+cu113,0.13.0+cu113,1,2678,711184
regnet,ranger,0.0005,16,0.2,100,100,0,1.0,1.12.0+cu113,0.13.0+cu113,1,2678,713862
regnet,ranger,0.0001,16,0.2,100,100,0,1.0,1.12.0+cu113,0.13.0+cu113,1,2678,716540
regnet,ranger,0.001,16,0.2,100,100,0,1.0,1.12.0+cu113,0.13.0+cu113,1,2678,719218
regnet,ranger,0.01,16,0.2,100,100,0,1.0,1.12.0+cu113,0.13.0+cu113,1,2678,721896
regnet,adam,0.0005,16,0.2,100,100,0,1.0,1.12.0+cu113,0.13.0+cu113,1,2678,724574
regnet,adam,0.0001,16,0.2,100,100,0,1.0,1.12.0+cu113,0.13.0+cu113,1,2678,727252
regnet,radam,0.0005,16,0.2,100,100,0,1.0,1.12.0+cu113,0.13.0+cu113,1,2678,729930
regnet,adam,0.01,16,0.2,100,100,5,1.0,1.12.0+cu113,0.13.0+cu113,1,2678,732608
resnet,adam,0.01,16,0.2,100,100,0,0.0,1.12.0+cu113,0.13.0+cu113,1,2700,735308
resnet,adam,0.001,16,0.2,100,100,0,0.0,1.12.0+cu113,0.13.0+cu113,1,2700,738008
resnet,radam,0.0005,16,0.2,100,100,0,0.0,1.12.0+cu113,0.13.0+cu113,1,2700,740708
resnet,radam,0.0001,16,0.2,100,100,0,0.0,1.12.0+cu113,0.13.0+cu113,1,2700,743408
resnet,radam,0.001,16,0.2,100,100,0,0.0,1.12.0+cu113,0.13.0+cu113,1,2700,746108
resnet,radam,0.01,16,0.2,100,100,0,0.0,1.12.0+cu113,0.13.0+cu113,1,2700,748808
resnet,sgd,0.0005,16,0.2,100,100,0,0.0,1.12.0+cu113,0.13.0+cu113,1,2700,751508
resnet,sgd,0.0001,16,0.2,100,100,0,0.0,1.12.0+cu113,0.13.0+cu113,1,2700,754208
resnet,adam,0.0001,16,0.2,100,100,0,0.0,1.12.0+cu113,0.13.0+cu113,1,2700,756908
resnet,sgd,0.01,16,0.2,100,100,0,0.0,1.12.0+cu113,0.13.0+cu113,1,2700,759608
resnet,ranger,0.0005,16,0.2,100,100,0,0.0,1.12.0+cu113,0.13.0+cu113,1,2700,762308
resnet,ranger,0.0001,16,0.2,100,100,0,0.0,1.12.0+cu113,0.13.0+cu113,1,2700,765008
resnet,ranger,0.001,16,0.2,100,100,0,0.0,1.12.0+cu113,0.13.0+cu113,1,2700,767708
resnet,ranger,0.01,16,0.2,100,100,0,0.0,1.12.0+cu113,0.13.0+cu113,1,2700,770408
resnet,adam,0.0005,16,0.2,100,100,0,0.0,1.12.0+cu113,0.13.0+cu113,1,2700,773108
resnet,sgd,0.001,16,0.2,100,100,0,0.0,1.12.0+cu113,0.13.0+cu113,1,2700,775808
resnet,radam,0.0001,16,0.2,100,100,5,0.0,1.12.0+cu113,0.13.0+cu113,1,2774,778582
resnet,radam,0.001,16,0.2,100,100,5,0.0,1.12.0+cu113,0.13.0+cu113,1,2774,781356
resnet,radam,0.01,16,0.2,100,100,5,0.0,1.12.0+cu113,0.13.0+cu113,0,2774,784130
resnet,sgd,0.0005,16,0.2,100,100,5,0.0,1.12.0+cu113,0.13.0+cu113,1,2774,786904
resnet,sgd,0.0001,16,0.2,100,100,5,0.0,1.12.0+cu113,0.13.0+cu113,1,2774,789678
resnet,sgd,0.001,16,0.2,100,100,5,0.0,1.12.0+cu113,0.13.0+cu113,1,2774,792452
resnet,ranger,0.001,16,0.2,100,100,5,0.0,1.12.0+cu113,0.13.0+cu113,1,2774,795226
resnet,ranger,0.0005,16,0.2,100,100,5,0.0,1.12.0+cu113,0.13.0+cu113,1,2774,798000
resnet,ranger,0.0001,16,0.2,100,100,5,0.0,1.12.0+cu113,0.13.0+cu113,1,2774,800774
resnet,ranger,0.01,16,0.2,100,100,5,0.0,1.12.0+cu113,0.13.0+cu113,1,2774,803548
resnet,adam,0.0005,16,0.2,100,100,5,0.0,1.12.0+cu113,0.13.0+cu113,1,2774,806322
resnet,adam,0.001,16,0.2,100,100,5,0.0,1.12.0+cu113,0.13.0+cu113,1,2774,809096
resnet,radam,0.0005,16,0.2,100,100,5,0.0,1.12.0+cu113,0.13.0+cu113,1,2774,811870
resnet,sgd,0.01,16,0.2,100,100,5,0.0,1.12.0+cu113,0.13.0+cu113,1,2774,814644
resnet,adam,0.01,16,0.2,100,100,5,0.0,1.12.0+cu113,0.13.0+cu113,1,2774,817418
resnet,adam,0.0001,16,0.2,100,100,5,0.0,1.12.0+cu113,0.13.0+cu113,1,2774,820192
regnet32x,adam,0.0001,16,0.2,100,100,0,0.0,1.12.0+cu113,0.13.0+cu113,1,2848,823040
regnet32x,adam,0.001,16,0.2,100,100,0,0.0,1.12.0+cu113,0.13.0+cu113,1,2848,825888
regnet32x,radam,0.0005,16,0.2,100,100,0,0.0,1.12.0+cu113,0.13.0+cu113,0,2848,828736
regnet32x,radam,0.0001,16,0.2,100,100,0,0.0,1.12.0+cu113,0.13.0+cu113,0,2848,831584
regnet32x,radam,0.001,16,0.2,100,100,0,0.0,1.12.0+cu113,0.13.0+cu113,0,2848,834432
regnet32x,radam,0.01,16,0.2,100,100,0,0.0,1.12.0+cu113,0.13.0+cu113,0,2848,837280
regnet32x,sgd,0.0005,16,0.2,100,100,0,0.0,1.12.0+cu113,0.13.0+cu113,1,2848,840128
regnet32x,sgd,0.0001,16,0.2,100,100,0,0.0,1.12.0+cu113,0.13.0+cu113,1,2848,842976
regnet32x,adam,0.01,16,0.2,100,100,0,0.0,1.12.0+cu113,0.13.0+cu113,1,2848,845824
regnet32x,sgd,0.01,16,0.2,100,100,0,0.0,1.12.0+cu113,0.13.0+cu113,1,2848,848672
regnet32x,ranger,0.0005,16,0.2,100,100,0,0.0,1.12.0+cu113,0.13.0+cu113,1,2848,851520
regnet32x,ranger,0.0001,16,0.2,100,100,0,0.0,1.12.0+cu113,0.13.0+cu113,1,2848,854368
regnet32x,ranger,0.001,16,0.2,100,100,0,0.0,1.12.0+cu113,0.13.0+cu113,1,2848,857216
regnet32x,ranger,0.01,16,0.2,100,100,0,0.0,1.12.0+cu113,0.13.0+cu113,1,2848,860064
regnet32x,adam,0.0005,16,0.2,100,100,0,0.0,1.12.0+cu113,0.13.0+cu113,1,2848,862912
regnet32x,sgd,0.001,16,0.2,100,100,0,0.0,1.12.0+cu113,0.13.0+cu113,1,2848,865760
regnet32x,radam,0.001,16,0.2,100,100,5,0.0,1.12.0+cu113,0.13.0+cu113,0,2890,868650
regnet32x,radam,0.01,16,0.2,100,100,5,0.0,1.12.0+cu113,0.13.0+cu113,0,2890,871540
regnet32x,sgd,0.0005,16,0.2,100,100,5,0.0,1.12.0+cu113,0.13.0+cu113,1,2890,874430
regnet32x,sgd,0.0001,16,0.2,100,100,5,0.0,1.12.0+cu113,0.13.0+cu113,1,2890,877320
regnet32x,sgd,0.001,16,0.2,100,100,5,0.0,1.12.0+cu113,0.13.0+cu113,1,2890,880210
regnet32x,sgd,0.01,16,0.2,100,100,5,0.0,1.12.0+cu113,0.13.0+cu113,1,2890,883100
regnet32x,ranger,0.01,16,0.2,100,100,5,0.0,1.12.0+cu113,0.13.0+cu113,1,2890,885990
regnet32x,ranger,0.0001,16,0.2,100,100,5,0.0,1.12.0+cu113,0.13.0+cu113,1,2890,888880
regnet32x,ranger,0.001,16,0.2,100,100,5,0.0,1.12.0+cu113,0.13.0+cu113,1,2890,891770
regnet32x,adam,0.0005,16,0.2,100,100,5,0.0,1.12.0+cu113,0.13.0+cu113,1,2890,894660
regnet32x,adam,0.0001,16,0.2,100,100,5,0.0,1.12.0+cu113,0.13.0+cu113,1,2890,897550
regnet32x,adam,0.001,16,0.2,100,100,5,0.0,1.12.0+cu113,0.13.0+cu113,1,2890,900440
regnet32x,radam,0.0001,16,0.2,100,100,5,0.0,1.12.0+cu113,0.13.0+cu113,0,2890,903330
regnet32x,ranger,0.0005,16,0.2,100,100,5,0.0,1.12.0+cu113,0.13.0+cu113,1,2890,906220
regnet32x,adam,0.01,16,0.2,100,100,5,0.0,1.12.0+cu113,0.13.0+cu113,1,2890,909110
regnet32x,radam,0.0005,16,0.2,100,100,5,0.0,1.12.0+cu113,0.13.0+cu113,0,2890,912000
regnet32,radam,0.0005,16,0.2,100,100,0,0.0,1.12.0+cu113,0.13.0+cu113,1,3182,915182
regnet32,adam,0.001,16,0.2,100,100,0,0.0,1.12.0+cu113,0.13.0+cu113,1,3182,918364
regnet32,adam,0.0001,16,0.2,100,100,0,0.0,1.12.0+cu113,0.13.0+cu113,1,3182,921546
regnet32,adam,0.0005,16,0.2,100,100,0,0.0,1.12.0+cu113,0.13.0+cu113,1,3182,924728
regnet32,ranger,0.01,16,0.2,100,100,0,0.0,1.12.0+cu113,0.13.0+cu113,1,3182,927910
regnet32,ranger,0.001,16,0.2,100,100,0,0.0,1.12.0+cu113,0.13.0+cu113,1,3182,931092
regnet32,ranger,0.0001,16,0.2,100,100,0,0.0,1.12.0+cu113,0.13.0+cu113,1,3182,934274
regnet32,ranger,0.0005,16,0.2,100,100,0,0.0,1.12.0+cu113,0.13.0+cu113,1,3182,937456
regnet32,sgd,0.01,16,0.2,100,100,0,0.0,1.12.0+cu113,0.13.0+cu113,1,3182,940638
regnet32,sgd,0.001,16,0.2,100,100,0,0.0,1.12.0+cu113,0.13.0+cu113,1,3182,943820
regnet32,sgd,0.0001,16,0.2,100,100,0,0.0,1.12.0+cu113,0.13.0+cu113,1,3182,947002
regnet32,sgd,0.0005,16,0.2,100,100,0,0.0,1.12.0+cu113,0.13.0+cu113,1,3182,950184
regnet32,radam,0.01,16,0.2,100,100,0,0.0,1.12.0+cu113,0.13.0+cu113,1,3182,953366
regnet32,radam,0.001,16,0.2,100,100,0,0.0,1.12.0+cu113,0.13.0+cu113,1,3182,956548
regnet32,radam,0.0001,16,0.2,100,100,0,0.0,1.12.0+cu113,0.13.0+cu113,1,3182,959730
regnet32,adam,0.01,16,0.2,100,100,0,0.0,1.12.0+cu113,0.13.0+cu113,1,3182,962912
regnet32,radam,0.001,16,0.2,100,100,5,0.0,1.12.0+cu113,0.13.0+cu113,1,3194,966106
regnet32,adam,0.001,16,0.2,100,100,5,0.0,1.12.0+cu113,0.13.0+cu113,1,3194,969300
regnet32,radam,0.0001,16,0.2,100,100,5,0.0,1.12.0+cu113,0.13.0+cu113,1,3194,972494
regnet32,adam,0.0001,16,0.2,100,100,5,0.0,1.12.0+cu113,0.13.0+cu113,1,3194,975688
regnet32,adam,0.0005,16,0.2,100,100,5,0.0,1.12.0+cu113,0.13.0+cu113,1,3194,978882
regnet32,ranger,0.01,16,0.2,100,100,5,0.0,1.12.0+cu113,0.13.0+cu113,1,3194,982076
regnet32,ranger,0.001,16,0.2,100,100,5,0.0,1.12.0+cu113,0.13.0+cu113,1,3194,985270
regnet32,ranger,0.0001,16,0.2,100,100,5,0.0,1.12.0+cu113,0.13.0+cu113,1,3194,988464
regnet32,ranger,0.0005,16,0.2,100,100,5,0.0,1.12.0+cu113,0.13.0+cu113,1,3194,991658
regnet32,sgd,0.01,16,0.2,100,100,5,0.0,1.12.0+cu113,0.13.0+cu113,1,3194,994852
regnet32,sgd,0.001,16,0.2,100,100,5,0.0,1.12.0+cu113,0.13.0+cu113,1,3194,998046
regnet32,sgd,0.0001,16,0.2,100,100,5,0.0,1.12.0+cu113,0.13.0+cu113,1,3194,1001240
regnet32,sgd,0.0005,16,0.2,100,100,5,0.0,1.12.0+cu113,0.13.0+cu113,1,3194,1004434
regnet32,radam,0.01,16,0.2,100,100,5,0.0,1.12.0+cu113,0.13.0+cu113,1,3194,1007628
regnet32,adam,0.01,16,0.2,100,100,5,0.0,1.12.0+cu113,0.13.0+cu113,1,3194,1010822
regnet32,radam,0.0005,16,0.2,100,100,5,0.0,1.12.0+cu113,0.13.0+cu113,1,3194,1014016
regnet16x,adam,0.01,16,0.2,100,100,0,1.0,1.12.0+cu113,0.13.0+cu113,1,3284,1017300
regnet16x,sgd,0.0001,16,0.2,100,100,5,1.0,1.12.0+cu113,0.13.0+cu113,1,3284,1020584
regnet16x,radam,0.001,16,0.2,100,100,5,1.0,1.12.0+cu113,0.13.0+cu113,0,3284,1023868
regnet16x,radam,0.0001,16,0.2,100,100,5,1.0,1.12.0+cu113,0.13.0+cu113,0,3284,1027152
regnet16x,radam,0.01,16,0.2,100,100,5,1.0,1.12.0+cu113,0.13.0+cu113,0,3284,1030436
regnet16x,sgd,0.0005,16,0.2,100,100,5,1.0,1.12.0+cu113,0.13.0+cu113,1,3284,1033720
regnet16x,radam,0.0005,16,0.2,100,100,5,1.0,1.12.0+cu113,0.13.0+cu113,0,3284,1037004
regnet16x,sgd,0.001,16,0.2,100,100,5,1.0,1.12.0+cu113,0.13.0+cu113,1,3284,1040288
regnet16x,sgd,0.01,16,0.2,100,100,5,1.0,1.12.0+cu113,0.13.0+cu113,1,3284,1043572
regnet16x,ranger,0.0005,16,0.2,100,100,5,1.0,1.12.0+cu113,0.13.0+cu113,1,3284,1046856
regnet16x,ranger,0.0001,16,0.2,100,100,5,1.0,1.12.0+cu113,0.13.0+cu113,1,3284,1050140
regnet16x,ranger,0.001,16,0.2,100,100,5,1.0,1.12.0+cu113,0.13.0+cu113,1,3284,1053424
regnet16x,ranger,0.01,16,0.2,100,100,5,1.0,1.12.0+cu113,0.13.0+cu113,1,3284,1056708
regnet16x,adam,0.0001,16,0.2,100,100,5,1.0,1.12.0+cu113,0.13.0+cu113,1,3284,1059992
regnet16x,adam,0.001,16,0.2,100,100,5,1.0,1.12.0+cu113,0.13.0+cu113,1,3284,1063276
regnet16x,adam,0.01,16,0.2,100,100,5,1.0,1.12.0+cu113,0.13.0+cu113,1,3284,1066560
regnet16x,adam,0.0005,16,0.2,100,100,5,1.0,1.12.0+cu113,0.13.0+cu113,1,3284,1069844
regnet16x,radam,0.0001,16,0.2,100,100,0,1.0,1.12.0+cu113,0.13.0+cu113,0,3284,1073128
regnet16x,adam,0.001,16,0.2,100,100,0,1.0,1.12.0+cu113,0.13.0+cu113,1,3284,1076412
regnet16x,adam,0.0001,16,0.2,100,100,0,1.0,1.12.0+cu113,0.13.0+cu113,1,3284,1079696
regnet16x,adam,0.0005,16,0.2,100,100,0,1.0,1.12.0+cu113,0.13.0+cu113,1,3284,1082980
regnet16x,ranger,0.01,16,0.2,100,100,0,1.0,1.12.0+cu113,0.13.0+cu113,1,3284,1086264
regnet16x,radam,0.0005,16,0.2,100,100,0,1.0,1.12.0+cu113,0.13.0+cu113,0,3284,1089548
regnet16x,ranger,0.0001,16,0.2,100,100,0,1.0,1.12.0+cu113,0.13.0+cu113,1,3284,1092832
regnet16x,ranger,0.0005,16,0.2,100,100,0,1.0,1.12.0+cu113,0.13.0+cu113,1,3284,1096116
regnet16x,ranger,0.001,16,0.2,100,100,0,1.0,1.12.0+cu113,0.13.0+cu113,1,3284,1099400
regnet16x,sgd,0.001,16,0.2,100,100,0,1.0,1.12.0+cu113,0.13.0+cu113,1,3284,1102684
regnet16x,sgd,0.0001,16,0.2,100,100,0,1.0,1.12.0+cu113,0.13.0+cu113,1,3284,1105968
regnet16x,sgd,0.0005,16,0.2,100,100,0,1.0,1.12.0+cu113,0.13.0+cu113,1,3284,1109252
regnet16x,radam,0.01,16,0.2,100,100,0,1.0,1.12.0+cu113,0.13.0+cu113,0,3284,1112536
regnet16x,radam,0.001,16,0.2,100,100,0,1.0,1.12.0+cu113,0.13.0+cu113,0,3284,1115820
regnet16x,sgd,0.01,16,0.2,100,100,0,1.0,1.12.0+cu113,0.13.0+cu113,1,3284,1119104
inception,radam,0.0005,16,0.2,100,100,0,0.0,1.12.0+cu113,0.13.0+cu113,0,3384,1122488
inception,sgd,0.01,16,0.2,100,100,0,0.0,1.12.0+cu113,0.13.0+cu113,1,3384,1125872
inception,radam,0.0001,16,0.2,100,100,0,0.0,1.12.0+cu113,0.13.0+cu113,0,3384,1129256
inception,radam,0.01,16,0.2,100,100,0,0.0,1.12.0+cu113,0.13.0+cu113,0,3384,1132640
inception,sgd,0.0005,16,0.2,100,100,0,0.0,1.12.0+cu113,0.13.0+cu113,1,3384,1136024
inception,sgd,0.0001,16,0.2,100,100,0,0.0,1.12.0+cu113,0.13.0+cu113,1,3384,1139408
inception,sgd,0.001,16,0.2,100,100,0,0.0,1.12.0+cu113,0.13.0+cu113,1,3384,1142792
inception,ranger,0.0005,16,0.2,100,100,0,0.0,1.12.0+cu113,0.13.0+cu113,1,3384,1146176
inception,radam,0.001,16,0.2,100,100,0,0.0,1.12.0+cu113,0.13.0+cu113,0,3384,1149560
inception,ranger,0.001,16,0.2,100,100,0,0.0,1.12.0+cu113,0.13.0+cu113,1,3384,1152944
inception,ranger,0.01,16,0.2,100,100,0,0.0,1.12.0+cu113,0.13.0+cu113,1,3384,1156328
inception,adam,0.0005,16,0.2,100,100,0,0.0,1.12.0+cu113,0.13.0+cu113,1,3384,1159712
inception,adam,0.0001,16,0.2,100,100,0,0.0,1.12.0+cu113,0.13.0+cu113,1,3384,1163096
inception,adam,0.001,16,0.2,100,100,0,0.0,1.12.0+cu113,0.13.0+cu113,1,3384,1166480
inception,adam,0.01,16,0.2,100,100,0,0.0,1.12.0+cu113,0.13.0+cu113,1,3384,1169864
inception,ranger,0.0001,16,0.2,100,100,0,0.0,1.12.0+cu113,0.13.0+cu113,1,3384,1173248
inception,radam,0.001,16,0.2,100,100,5,0.0,1.12.0+cu113,0.13.0+cu113,1,3428,1176676
inception,sgd,0.01,16,0.2,100,100,5,0.0,1.12.0+cu113,0.13.0+cu113,1,3428,1180104
inception,radam,0.01,16,0.2,100,100,5,0.0,1.12.0+cu113,0.13.0+cu113,1,3428,1183532
inception,sgd,0.0005,16,0.2,100,100,5,0.0,1.12.0+cu113,0.13.0+cu113,1,3428,1186960
inception,sgd,0.0001,16,0.2,100,100,5,0.0,1.12.0+cu113,0.13.0+cu113,1,3428,1190388
inception,sgd,0.001,16,0.2,100,100,5,0.0,1.12.0+cu113,0.13.0+cu113,1,3428,1193816
inception,ranger,0.0005,16,0.2,100,100,5,0.0,1.12.0+cu113,0.13.0+cu113,1,3428,1197244
inception,radam,0.0005,16,0.2,100,100,5,0.0,1.12.0+cu113,0.13.0+cu113,1,3428,1200672
inception,ranger,0.001,16,0.2,100,100,5,0.0,1.12.0+cu113,0.13.0+cu113,1,3428,1204100
inception,ranger,0.01,16,0.2,100,100,5,0.0,1.12.0+cu113,0.13.0+cu113,1,3428,1207528
inception,adam,0.0005,16,0.2,100,100,5,0.0,1.12.0+cu113,0.13.0+cu113,1,3428,1210956
inception,adam,0.0001,16,0.2,100,100,5,0.0,1.12.0+cu113,0.13.0+cu113,1,3428,1214384
inception,adam,0.001,16,0.2,100,100,5,0.0,1.12.0+cu113,0.13.0+cu113,1,3428,1217812
inception,adam,0.01,16,0.2,100,100,5,0.0,1.12.0+cu113,0.13.0+cu113,1,3428,1221240
inception,radam,0.0001,16,0.2,100,100,5,0.0,1.12.0+cu113,0.13.0+cu113,1,3428,1224668
inception,ranger,0.0001,16,0.2,100,100,5,0.0,1.12.0+cu113,0.13.0+cu113,1,3428,1228096
regnet16,adam,0.0001,16,0.2,100,100,5,1.0,1.12.0+cu113,0.13.0+cu113,1,3828,1231924
regnet16,adam,0.0005,16,0.2,100,100,5,1.0,1.12.0+cu113,0.13.0+cu113,1,3828,1235752
regnet16,ranger,0.01,16,0.2,100,100,5,1.0,1.12.0+cu113,0.13.0+cu113,1,3828,1239580
regnet16,ranger,0.001,16,0.2,100,100,5,1.0,1.12.0+cu113,0.13.0+cu113,1,3828,1243408
regnet16,ranger,0.0001,16,0.2,100,100,5,1.0,1.12.0+cu113,0.13.0+cu113,1,3828,1247236
regnet16,ranger,0.0005,16,0.2,100,100,5,1.0,1.12.0+cu113,0.13.0+cu113,1,3828,1251064
regnet16,sgd,0.0005,16,0.2,100,100,5,1.0,1.12.0+cu113,0.13.0+cu113,1,3828,1254892
regnet16,sgd,0.001,16,0.2,100,100,5,1.0,1.12.0+cu113,0.13.0+cu113,1,3828,1258720
regnet16,adam,0.001,16,0.2,100,100,5,1.0,1.12.0+cu113,0.13.0+cu113,1,3828,1262548
regnet16,radam,0.01,16,0.2,100,100,5,1.0,1.12.0+cu113,0.13.0+cu113,1,3828,1266376
regnet16,radam,0.001,16,0.2,100,100,5,1.0,1.12.0+cu113,0.13.0+cu113,1,3828,1270204
regnet16,radam,0.0001,16,0.2,100,100,5,1.0,1.12.0+cu113,0.13.0+cu113,1,3828,1274032
regnet16,radam,0.0005,16,0.2,100,100,5,1.0,1.12.0+cu113,0.13.0+cu113,1,3828,1277860
regnet16,sgd,0.01,16,0.2,100,100,5,1.0,1.12.0+cu113,0.13.0+cu113,1,3828,1281688
regnet16,adam,0.01,16,0.2,100,100,5,1.0,1.12.0+cu113,0.13.0+cu113,1,3828,1285516
regnet16,sgd,0.0001,16,0.2,100,100,5,1.0,1.12.0+cu113,0.13.0+cu113,1,3828,1289344
regnet16,radam,0.0001,16,0.2,100,100,0,1.0,1.12.0+cu113,0.13.0+cu113,1,3828,1293172
regnet16,radam,0.0005,16,0.2,100,100,0,1.0,1.12.0+cu113,0.13.0+cu113,1,3828,1297000
regnet16,adam,0.001,16,0.2,100,100,0,1.0,1.12.0+cu113,0.13.0+cu113,1,3828,1300828
regnet16,adam,0.0001,16,0.2,100,100,0,1.0,1.12.0+cu113,0.13.0+cu113,1,3828,1304656
regnet16,adam,0.0005,16,0.2,100,100,0,1.0,1.12.0+cu113,0.13.0+cu113,1,3828,1308484
regnet16,ranger,0.01,16,0.2,100,100,0,1.0,1.12.0+cu113,0.13.0+cu113,1,3828,1312312
regnet16,ranger,0.001,16,0.2,100,100,0,1.0,1.12.0+cu113,0.13.0+cu113,1,3828,1316140
regnet16,ranger,0.0001,16,0.2,100,100,0,1.0,1.12.0+cu113,0.13.0+cu113,1,3828,1319968
regnet16,adam,0.01,16,0.2,100,100,0,1.0,1.12.0+cu113,0.13.0+cu113,1,3828,1323796
regnet16,sgd,0.01,16,0.2,100,100,0,1.0,1.12.0+cu113,0.13.0+cu113,1,3828,1327624
regnet16,sgd,0.001,16,0.2,100,100,0,1.0,1.12.0+cu113,0.13.0+cu113,1,3828,1331452
regnet16,sgd,0.0001,16,0.2,100,100,0,1.0,1.12.0+cu113,0.13.0+cu113,1,3828,1335280
regnet16,sgd,0.0005,16,0.2,100,100,0,1.0,1.12.0+cu113,0.13.0+cu113,1,3828,1339108
regnet16,radam,0.01,16,0.2,100,100,0,1.0,1.12.0+cu113,0.13.0+cu113,1,3828,1342936
regnet16,ranger,0.0005,16,0.2,100,100,0,1.0,1.12.0+cu113,0.13.0+cu113,1,3828,1346764
regnet16,radam,0.001,16,0.2,100,100,0,1.0,1.12.0+cu113,0.13.0+cu113,1,3828,1350592
efficient,radam,0.0001,16,0.2,100,100,0,1.0,1.12.0+cu113,0.13.0+cu113,1,3886,1354478
efficient,radam,0.001,16,0.2,100,100,0,1.0,1.12.0+cu113,0.13.0+cu113,1,3886,1358364
efficient,radam,0.01,16,0.2,100,100,0,1.0,1.12.0+cu113,0.13.0+cu113,1,3886,1362250
efficient,sgd,0.0005,16,0.2,100,100,0,1.0,1.12.0+cu113,0.13.0+cu113,1,3886,1366136
efficient,sgd,0.0001,16,0.2,100,100,0,1.0,1.12.0+cu113,0.13.0+cu113,1,3886,1370022
efficient,ranger,0.0005,16,0.2,100,100,0,1.0,1.12.0+cu113,0.13.0+cu113,1,3886,1373908
efficient,sgd,0.01,16,0.2,100,100,0,1.0,1.12.0+cu113,0.13.0+cu113,1,3886,1377794
efficient,ranger,0.0001,16,0.2,100,100,0,1.0,1.12.0+cu113,0.13.0+cu113,1,3886,1381680
efficient,ranger,0.001,16,0.2,100,100,0,1.0,1.12.0+cu113,0.13.0+cu113,1,3886,1385566
efficient,ranger,0.01,16,0.2,100,100,0,1.0,1.12.0+cu113,0.13.0+cu113,1,3886,1389452
efficient,adam,0.0005,16,0.2,100,100,0,1.0,1.12.0+cu113,0.13.0+cu113,1,3886,1393338
efficient,radam,0.0005,16,0.2,100,100,0,1.0,1.12.0+cu113,0.13.0+cu113,1,3886,1397224
efficient,sgd,0.001,16,0.2,100,100,0,1.0,1.12.0+cu113,0.13.0+cu113,1,3886,1401110
efficient,adam,0.01,16,0.2,100,100,5,1.0,1.12.0+cu113,0.13.0+cu113,1,3886,1404996
efficient,sgd,0.01,16,0.2,100,100,5,1.0,1.12.0+cu113,0.13.0+cu113,1,3886,1408882
efficient,adam,0.0001,16,0.2,100,100,5,1.0,1.12.0+cu113,0.13.0+cu113,1,3886,1412768
efficient,adam,0.0005,16,0.2,100,100,5,1.0,1.12.0+cu113,0.13.0+cu113,1,3886,1416654
efficient,ranger,0.01,16,0.2,100,100,5,1.0,1.12.0+cu113,0.13.0+cu113,1,3886,1420540
efficient,ranger,0.001,16,0.2,100,100,5,1.0,1.12.0+cu113,0.13.0+cu113,1,3886,1424426
efficient,ranger,0.0001,16,0.2,100,100,5,1.0,1.12.0+cu113,0.13.0+cu113,1,3886,1428312
efficient,ranger,0.0005,16,0.2,100,100,5,1.0,1.12.0+cu113,0.13.0+cu113,1,3886,1432198
efficient,sgd,0.001,16,0.2,100,100,5,1.0,1.12.0+cu113,0.13.0+cu113,1,3886,1436084
efficient,sgd,0.0001,16,0.2,100,100,5,1.0,1.12.0+cu113,0.13.0+cu113,1,3886,1439970
efficient,sgd,0.0005,16,0.2,100,100,5,1.0,1.12.0+cu113,0.13.0+cu113,1,3886,1443856
efficient,radam,0.01,16,0.2,100,100,5,1.0,1.12.0+cu113,0.13.0+cu113,1,3886,1447742
efficient,adam,0.01,16,0.2,100,100,0,1.0,1.12.0+cu113,0.13.0+cu113,1,3886,1451628
efficient,radam,0.001,16,0.2,100,100,5,1.0,1.12.0+cu113,0.13.0+cu113,1,3886,1455514
efficient,adam,0.001,16,0.2,100,100,0,1.0,1.12.0+cu113,0.13.0+cu113,1,3886,1459400
efficient,adam,0.001,16,0.2,100,100,5,1.0,1.12.0+cu113,0.13.0+cu113,1,3886,1463286
efficient,adam,0.0001,16,0.2,100,100,0,1.0,1.12.0+cu113,0.13.0+cu113,1,3886,1467172
efficient,radam,0.0005,16,0.2,100,100,5,1.0,1.12.0+cu113,0.13.0+cu113,1,3886,1471058
efficient,radam,0.0001,16,0.2,100,100,5,1.0,1.12.0+cu113,0.13.0+cu113,1,3886,1474944
regnet32x,adam,0.0001,16,0.2,100,100,5,1.0,1.12.0+cu113,0.13.0+cu113,1,4666,1479610
regnet32x,adam,0.0001,16,0.2,100,100,0,1.0,1.12.0+cu113,0.13.0+cu113,1,4666,1484276
regnet32x,adam,0.0005,16,0.2,100,100,0,1.0,1.12.0+cu113,0.13.0+cu113,1,4666,1488942
regnet32x,ranger,0.01,16,0.2,100,100,0,1.0,1.12.0+cu113,0.13.0+cu113,1,4666,1493608
regnet32x,ranger,0.001,16,0.2,100,100,0,1.0,1.12.0+cu113,0.13.0+cu113,1,4666,1498274
regnet32x,ranger,0.0001,16,0.2,100,100,0,1.0,1.12.0+cu113,0.13.0+cu113,1,4666,1502940
regnet32x,ranger,0.0005,16,0.2,100,100,0,1.0,1.12.0+cu113,0.13.0+cu113,1,4666,1507606
regnet32x,sgd,0.01,16,0.2,100,100,0,1.0,1.12.0+cu113,0.13.0+cu113,1,4666,1512272
regnet32x,sgd,0.001,16,0.2,100,100,0,1.0,1.12.0+cu113,0.13.0+cu113,1,4666,1516938
regnet32x,sgd,0.0001,16,0.2,100,100,0,1.0,1.12.0+cu113,0.13.0+cu113,1,4666,1521604
regnet32x,sgd,0.0005,16,0.2,100,100,0,1.0,1.12.0+cu113,0.13.0+cu113,1,4666,1526270
regnet32x,radam,0.001,16,0.2,100,100,0,1.0,1.12.0+cu113,0.13.0+cu113,0,4666,1530936
regnet32x,radam,0.0001,16,0.2,100,100,0,1.0,1.12.0+cu113,0.13.0+cu113,0,4666,1535602
regnet32x,radam,0.0005,16,0.2,100,100,0,1.0,1.12.0+cu113,0.13.0+cu113,0,4666,1540268
regnet32x,adam,0.01,16,0.2,100,100,5,1.0,1.12.0+cu113,0.13.0+cu113,1,4666,1544934
regnet32x,adam,0.001,16,0.2,100,100,5,1.0,1.12.0+cu113,0.13.0+cu113,1,4666,1549600
regnet32x,adam,0.0005,16,0.2,100,100,5,1.0,1.12.0+cu113,0.13.0+cu113,1,4666,1554266
regnet32x,ranger,0.01,16,0.2,100,100,5,1.0,1.12.0+cu113,0.13.0+cu113,1,4666,1558932
regnet32x,ranger,0.001,16,0.2,100,100,5,1.0,1.12.0+cu113,0.13.0+cu113,1,4666,1563598
regnet32x,ranger,0.0001,16,0.2,100,100,5,1.0,1.12.0+cu113,0.13.0+cu113,1,4666,1568264
regnet32x,ranger,0.0005,16,0.2,100,100,5,1.0,1.12.0+cu113,0.13.0+cu113,1,4666,1572930
regnet32x,sgd,0.01,16,0.2,100,100,5,1.0,1.12.0+cu113,0.13.0+cu113,1,4666,1577596
regnet32x,sgd,0.001,16,0.2,100,100,5,1.0,1.12.0+cu113,0.13.0+cu113,1,4666,1582262
regnet32x,sgd,0.0001,16,0.2,100,100,5,1.0,1.12.0+cu113,0.13.0+cu113,1,4666,1586928
regnet32x,sgd,0.0005,16,0.2,100,100,5,1.0,1.12.0+cu113,0.13.0+cu113,1,4666,1591594
regnet32x,radam,0.01,16,0.2,100,100,5,1.0,1.12.0+cu113,0.13.0+cu113,0,4666,1596260
regnet32x,radam,0.001,16,0.2,100,100,5,1.0,1.12.0+cu113,0.13.0+cu113,0,4666,1600926
regnet32x,radam,0.0001,16,0.2,100,100,5,1.0,1.12.0+cu113,0.13.0+cu113,0,4666,1605592
regnet32x,radam,0.0005,16,0.2,100,100,5,1.0,1.12.0+cu113,0.13.0+cu113,0,4666,1610258
regnet32x,adam,0.001,16,0.2,100,100,0,1.0,1.12.0+cu113,0.13.0+cu113,1,4666,1614924
regnet32x,adam,0.01,16,0.2,100,100,0,1.0,1.12.0+cu113,0.13.0+cu113,1,4666,1619590
regnet32x,radam,0.01,16,0.2,100,100,0,1.0,1.12.0+cu113,0.13.0+cu113,0,4666,1624256
resnet,adam,0.01,16,0.2,100,100,0,1.0,1.12.0+cu113,0.13.0+cu113,1,4756,1629012
resnet,adam,0.0001,16,0.2,100,100,0,1.0,1.12.0+cu113,0.13.0+cu113,1,4756,1633768
resnet,adam,0.001,16,0.2,100,100,0,1.0,1.12.0+cu113,0.13.0+cu113,1,4756,1638524
resnet,adam,0.0005,16,0.2,100,100,0,1.0,1.12.0+cu113,0.13.0+cu113,1,4756,1643280
resnet,ranger,0.01,16,0.2,100,100,0,1.0,1.12.0+cu113,0.13.0+cu113,1,4756,1648036
resnet,ranger,0.001,16,0.2,100,100,0,1.0,1.12.0+cu113,0.13.0+cu113,1,4756,1652792
resnet,ranger,0.0005,16,0.2,100,100,0,1.0,1.12.0+cu113,0.13.0+cu113,1,4756,1657548
resnet,sgd,0.01,16,0.2,100,100,0,1.0,1.12.0+cu113,0.13.0+cu113,1,4756,1662304
resnet,ranger,0.0001,16,0.2,100,100,0,1.0,1.12.0+cu113,0.13.0+cu113,1,4756,1667060
resnet,sgd,0.0001,16,0.2,100,100,0,1.0,1.12.0+cu113,0.13.0+cu113,1,4756,1671816
resnet,sgd,0.0005,16,0.2,100,100,0,1.0,1.12.0+cu113,0.13.0+cu113,1,4756,1676572
resnet,radam,0.01,16,0.2,100,100,0,1.0,1.12.0+cu113,0.13.0+cu113,1,4756,1681328
resnet,radam,0.001,16,0.2,100,100,0,1.0,1.12.0+cu113,0.13.0+cu113,1,4756,1686084
resnet,radam,0.0001,16,0.2,100,100,0,1.0,1.12.0+cu113,0.13.0+cu113,1,4756,1690840
resnet,radam,0.0005,16,0.2,100,100,0,1.0,1.12.0+cu113,0.13.0+cu113,1,4756,1695596
resnet,sgd,0.001,16,0.2,100,100,0,1.0,1.12.0+cu113,0.13.0+cu113,1,4756,1700352
vit,ranger,0.0005,16,0.2,100,100,0,0.0,1.12.0+cu113,0.13.0+cu113,1,4864,1705216
vit,adam,0.0001,16,0.2,100,100,0,0.0,1.12.0+cu113,0.13.0+cu113,1,4864,1710080
vit,ranger,0.01,16,0.2,100,100,0,0.0,1.12.0+cu113,0.13.0+cu113,1,4864,1714944
vit,adam,0.001,16,0.2,100,100,0,0.0,1.12.0+cu113,0.13.0+cu113,1,4864,1719808
vit,ranger,0.001,16,0.2,100,100,0,0.0,1.12.0+cu113,0.13.0+cu113,1,4864,1724672
vit,ranger,0.0001,16,0.2,100,100,0,0.0,1.12.0+cu113,0.13.0+cu113,1,4864,1729536
vit,sgd,0.01,16,0.2,100,100,0,0.0,1.12.0+cu113,0.13.0+cu113,1,4864,1734400
vit,adam,0.0005,16,0.2,100,100,0,0.0,1.12.0+cu113,0.13.0+cu113,1,4864,1739264
vit,sgd,0.0001,16,0.2,100,100,0,0.0,1.12.0+cu113,0.13.0+cu113,1,4864,1744128
vit,sgd,0.0005,16,0.2,100,100,0,0.0,1.12.0+cu113,0.13.0+cu113,1,4864,1748992
vit,radam,0.01,16,0.2,100,100,0,0.0,1.12.0+cu113,0.13.0+cu113,1,4864,1753856
vit,radam,0.001,16,0.2,100,100,0,0.0,1.12.0+cu113,0.13.0+cu113,1,4864,1758720
vit,adam,0.01,16,0.2,100,100,0,0.0,1.12.0+cu113,0.13.0+cu113,1,4864,1763584
vit,radam,0.0005,16,0.2,100,100,0,0.0,1.12.0+cu113,0.13.0+cu113,1,4864,1768448
vit,sgd,0.001,16,0.2,100,100,0,0.0,1.12.0+cu113,0.13.0+cu113,1,4864,1773312
vit,radam,0.0001,16,0.2,100,100,0,0.0,1.12.0+cu113,0.13.0+cu113,1,4864,1778176
vit,radam,0.0005,16,0.2,100,100,5,0.0,1.12.0+cu113,0.13.0+cu113,1,4866,1783042
vit,radam,0.001,16,0.2,100,100,5,0.0,1.12.0+cu113,0.13.0+cu113,1,4866,1787908
vit,sgd,0.001,16,0.2,100,100,5,0.0,1.12.0+cu113,0.13.0+cu113,1,4866,1792774
vit,radam,0.01,16,0.2,100,100,5,0.0,1.12.0+cu113,0.13.0+cu113,1,4866,1797640
vit,sgd,0.0005,16,0.2,100,100,5,0.0,1.12.0+cu113,0.13.0+cu113,1,4866,1802506
vit,sgd,0.0001,16,0.2,100,100,5,0.0,1.12.0+cu113,0.13.0+cu113,1,4866,1807372
vit,radam,0.0001,16,0.2,100,100,5,0.0,1.12.0+cu113,0.13.0+cu113,1,4866,1812238
vit,sgd,0.01,16,0.2,100,100,5,0.0,1.12.0+cu113,0.13.0+cu113,1,4866,1817104
vit,ranger,0.0005,16,0.2,100,100,5,0.0,1.12.0+cu113,0.13.0+cu113,1,4866,1821970
vit,ranger,0.0001,16,0.2,100,100,5,0.0,1.12.0+cu113,0.13.0+cu113,1,4866,1826836
vit,ranger,0.01,16,0.2,100,100,5,0.0,1.12.0+cu113,0.13.0+cu113,1,4866,1831702
vit,adam,0.0005,16,0.2,100,100,5,0.0,1.12.0+cu113,0.13.0+cu113,1,4866,1836568
vit,adam,0.0001,16,0.2,100,100,5,0.0,1.12.0+cu113,0.13.0+cu113,1,4866,1841434
vit,adam,0.001,16,0.2,100,100,5,0.0,1.12.0+cu113,0.13.0+cu113,1,4866,1846300
vit,adam,0.01,16,0.2,100,100,5,0.0,1.12.0+cu113,0.13.0+cu113,1,4866,1851166
vit,ranger,0.001,16,0.2,100,100,5,0.0,1.12.0+cu113,0.13.0+cu113,1,4866,1856032
regnet32,radam,0.0001,16,0.2,100,100,0,1.0,1.12.0+cu113,0.13.0+cu113,1,5296,1861328
regnet32,radam,0.01,16,0.2,100,100,0,1.0,1.12.0+cu113,0.13.0+cu113,1,5296,1866624
regnet32,radam,0.001,16,0.2,100,100,0,1.0,1.12.0+cu113,0.13.0+cu113,1,5296,1871920
regnet32,radam,0.0005,16,0.2,100,100,0,1.0,1.12.0+cu113,0.13.0+cu113,1,5296,1877216
regnet32,ranger,0.01,16,0.2,100,100,5,1.0,1.12.0+cu113,0.13.0+cu113,1,5296,1882512
regnet32,adam,0.0001,16,0.2,100,100,5,1.0,1.12.0+cu113,0.13.0+cu113,1,5296,1887808
regnet32,adam,0.0005,16,0.2,100,100,5,1.0,1.12.0+cu113,0.13.0+cu113,1,5296,1893104
regnet32,sgd,0.0005,16,0.2,100,100,0,1.0,1.12.0+cu113,0.13.0+cu113,1,5296,1898400
regnet32,adam,0.001,16,0.2,100,100,5,1.0,1.12.0+cu113,0.13.0+cu113,1,5296,1903696
regnet32,sgd,0.0001,16,0.2,100,100,0,1.0,1.12.0+cu113,0.13.0+cu113,1,5296,1908992
regnet32,radam,0.0005,16,0.2,100,100,5,1.0,1.12.0+cu113,0.13.0+cu113,1,5296,1914288
regnet32,sgd,0.01,16,0.2,100,100,0,1.0,1.12.0+cu113,0.13.0+cu113,1,5296,1919584
regnet32,ranger,0.0005,16,0.2,100,100,0,1.0,1.12.0+cu113,0.13.0+cu113,1,5296,1924880
regnet32,ranger,0.0001,16,0.2,100,100,0,1.0,1.12.0+cu113,0.13.0+cu113,1,5296,1930176
regnet32,ranger,0.001,16,0.2,100,100,0,1.0,1.12.0+cu113,0.13.0+cu113,1,5296,1935472
regnet32,ranger,0.01,16,0.2,100,100,0,1.0,1.12.0+cu113,0.13.0+cu113,1,5296,1940768
regnet32,adam,0.0005,16,0.2,100,100,0,1.0,1.12.0+cu113,0.13.0+cu113,1,5296,1946064
regnet32,adam,0.0001,16,0.2,100,100,0,1.0,1.12.0+cu113,0.13.0+cu113,1,5296,1951360
regnet32,adam,0.001,16,0.2,100,100,0,1.0,1.12.0+cu113,0.13.0+cu113,1,5296,1956656
regnet32,adam,0.01,16,0.2,100,100,0,1.0,1.12.0+cu113,0.13.0+cu113,1,5296,1961952
regnet32,ranger,0.001,16,0.2,100,100,5,1.0,1.12.0+cu113,0.13.0+cu113,1,5296,1967248
regnet32,sgd,0.001,16,0.2,100,100,0,1.0,1.12.0+cu113,0.13.0+cu113,1,5296,1972544
regnet32,ranger,0.0001,16,0.2,100,100,5,1.0,1.12.0+cu113,0.13.0+cu113,1,5296,1977840
regnet32,adam,0.01,16,0.2,100,100,5,1.0,1.12.0+cu113,0.13.0+cu113,1,5296,1983136
regnet32,sgd,0.01,16,0.2,100,100,5,1.0,1.12.0+cu113,0.13.0+cu113,1,5296,1988432
regnet32,sgd,0.001,16,0.2,100,100,5,1.0,1.12.0+cu113,0.13.0+cu113,1,5296,1993728
regnet32,sgd,0.0001,16,0.2,100,100,5,1.0,1.12.0+cu113,0.13.0+cu113,1,5296,1999024
regnet32,sgd,0.0005,16,0.2,100,100,5,1.0,1.12.0+cu113,0.13.0+cu113,1,5296,2004320
regnet32,radam,0.01,16,0.2,100,100,5,1.0,1.12.0+cu113,0.13.0+cu113,1,5296,2009616
regnet32,radam,0.001,16,0.2,100,100,5,1.0,1.12.0+cu113,0.13.0+cu113,1,5296,2014912
regnet32,radam,0.0001,16,0.2,100,100,5,1.0,1.12.0+cu113,0.13.0+cu113,1,5296,2020208
regnet32,ranger,0.0005,16,0.2,100,100,5,1.0,1.12.0+cu113,0.13.0+cu113,1,5296,2025504
inception,radam,0.001,16,0.2,100,100,0,1.0,1.12.0+cu113,0.13.0+cu113,1,5404,2030908
inception,radam,0.01,16,0.2,100,100,0,1.0,1.12.0+cu113,0.13.0+cu113,1,5404,2036312
inception,sgd,0.0005,16,0.2,100,100,0,1.0,1.12.0+cu113,0.13.0+cu113,1,5404,2041716
inception,sgd,0.001,16,0.2,100,100,0,1.0,1.12.0+cu113,0.13.0+cu113,1,5404,2047120
inception,sgd,0.01,16,0.2,100,100,0,1.0,1.12.0+cu113,0.13.0+cu113,1,5404,2052524
inception,ranger,0.0005,16,0.2,100,100,0,1.0,1.12.0+cu113,0.13.0+cu113,1,5404,2057928
inception,ranger,0.01,16,0.2,100,100,0,1.0,1.12.0+cu113,0.13.0+cu113,1,5404,2063332
inception,ranger,0.001,16,0.2,100,100,0,1.0,1.12.0+cu113,0.13.0+cu113,1,5404,2068736
inception,radam,0.0001,16,0.2,100,100,0,1.0,1.12.0+cu113,0.13.0+cu113,0,5404,2074140
inception,adam,0.0005,16,0.2,100,100,0,1.0,1.12.0+cu113,0.13.0+cu113,1,5404,2079544
inception,adam,0.0001,16,0.2,100,100,0,1.0,1.12.0+cu113,0.13.0+cu113,1,5404,2084948
inception,adam,0.001,16,0.2,100,100,0,1.0,1.12.0+cu113,0.13.0+cu113,1,5404,2090352
inception,adam,0.01,16,0.2,100,100,0,1.0,1.12.0+cu113,0.13.0+cu113,1,5404,2095756
inception,ranger,0.0001,16,0.2,100,100,0,1.0,1.12.0+cu113,0.13.0+cu113,1,5404,2101160
inception,radam,0.0005,16,0.2,100,100,0,1.0,1.12.0+cu113,0.13.0+cu113,1,5404,2106564
inception,sgd,0.0001,16,0.2,100,100,0,1.0,1.12.0+cu113,0.13.0+cu113,1,5404,2111968
inception,radam,0.001,16,0.2,100,100,5,1.0,1.12.0+cu113,0.13.0+cu113,1,5444,2117412
inception,radam,0.0001,16,0.2,100,100,5,1.0,1.12.0+cu113,0.13.0+cu113,1,5444,2122856
inception,radam,0.0005,16,0.2,100,100,5,1.0,1.12.0+cu113,0.13.0+cu113,1,5444,2128300
inception,adam,0.01,16,0.2,100,100,5,1.0,1.12.0+cu113,0.13.0+cu113,1,5444,2133744
inception,adam,0.001,16,0.2,100,100,5,1.0,1.12.0+cu113,0.13.0+cu113,1,5444,2139188
inception,adam,0.0005,16,0.2,100,100,5,1.0,1.12.0+cu113,0.13.0+cu113,1,5444,2144632
inception,ranger,0.01,16,0.2,100,100,5,1.0,1.12.0+cu113,0.13.0+cu113,1,5444,2150076
inception,ranger,0.001,16,0.2,100,100,5,1.0,1.12.0+cu113,0.13.0+cu113,1,5444,2155520
inception,adam,0.0001,16,0.2,100,100,5,1.0,1.12.0+cu113,0.13.0+cu113,1,5444,2160964
inception,ranger,0.0005,16,0.2,100,100,5,1.0,1.12.0+cu113,0.13.0+cu113,1,5444,2166408
inception,sgd,0.01,16,0.2,100,100,5,1.0,1.12.0+cu113,0.13.0+cu113,1,5444,2171852
inception,sgd,0.001,16,0.2,100,100,5,1.0,1.12.0+cu113,0.13.0+cu113,1,5444,2177296
inception,sgd,0.0001,16,0.2,100,100,5,1.0,1.12.0+cu113,0.13.0+cu113,1,5444,2182740
inception,sgd,0.0005,16,0.2,100,100,5,1.0,1.12.0+cu113,0.13.0+cu113,1,5444,2188184
inception,radam,0.01,16,0.2,100,100,5,1.0,1.12.0+cu113,0.13.0+cu113,1,5444,2193628
inception,ranger,0.0001,16,0.2,100,100,5,1.0,1.12.0+cu113,0.13.0+cu113,1,5444,2199072
resnet,sgd,0.001,16,0.2,100,100,5,1.0,1.12.0+cu113,0.13.0+cu113,1,5762,2204834
resnet,radam,0.0001,16,0.2,100,100,5,1.0,1.12.0+cu113,0.13.0+cu113,1,5762,2210596
resnet,radam,0.001,16,0.2,100,100,5,1.0,1.12.0+cu113,0.13.0+cu113,1,5762,2216358
resnet,radam,0.01,16,0.2,100,100,5,1.0,1.12.0+cu113,0.13.0+cu113,0,5762,2222120
resnet,sgd,0.0005,16,0.2,100,100,5,1.0,1.12.0+cu113,0.13.0+cu113,1,5762,2227882
resnet,sgd,0.0001,16,0.2,100,100,5,1.0,1.12.0+cu113,0.13.0+cu113,1,5762,2233644
resnet,sgd,0.01,16,0.2,100,100,5,1.0,1.12.0+cu113,0.13.0+cu113,1,5762,2239406
resnet,radam,0.0005,16,0.2,100,100,5,1.0,1.12.0+cu113,0.13.0+cu113,1,5762,2245168
resnet,ranger,0.0001,16,0.2,100,100,5,1.0,1.12.0+cu113,0.13.0+cu113,1,5762,2250930
resnet,ranger,0.001,16,0.2,100,100,5,1.0,1.12.0+cu113,0.13.0+cu113,1,5762,2256692
resnet,ranger,0.01,16,0.2,100,100,5,1.0,1.12.0+cu113,0.13.0+cu113,1,5762,2262454
resnet,adam,0.0005,16,0.2,100,100,5,1.0,1.12.0+cu113,0.13.0+cu113,1,5762,2268216
resnet,adam,0.0001,16,0.2,100,100,5,1.0,1.12.0+cu113,0.13.0+cu113,1,5762,2273978
resnet,adam,0.001,16,0.2,100,100,5,1.0,1.12.0+cu113,0.13.0+cu113,1,5762,2279740
resnet,adam,0.01,16,0.2,100,100,5,1.0,1.12.0+cu113,0.13.0+cu113,1,5762,2285502
resnet,ranger,0.0005,16,0.2,100,100,5,1.0,1.12.0+cu113,0.13.0+cu113,1,5762,2291264
vit,radam,0.01,16,0.2,100,100,0,1.0,1.12.0+cu113,0.13.0+cu113,1,9959,2301223
vit,sgd,0.0005,16,0.2,100,100,0,1.0,1.12.0+cu113,0.13.0+cu113,1,9959,2311182
vit,sgd,0.0001,16,0.2,100,100,0,1.0,1.12.0+cu113,0.13.0+cu113,1,9959,2321141
vit,sgd,0.001,16,0.2,100,100,0,1.0,1.12.0+cu113,0.13.0+cu113,1,9959,2331100
vit,sgd,0.01,16,0.2,100,100,0,1.0,1.12.0+cu113,0.13.0+cu113,1,9959,2341059
vit,ranger,0.0005,16,0.2,100,100,0,1.0,1.12.0+cu113,0.13.0+cu113,1,9959,2351018
vit,ranger,0.01,16,0.2,100,100,0,1.0,1.12.0+cu113,0.13.0+cu113,1,9959,2360977
vit,ranger,0.001,16,0.2,100,100,0,1.0,1.12.0+cu113,0.13.0+cu113,1,9959,2370936
vit,radam,0.001,16,0.2,100,100,0,1.0,1.12.0+cu113,0.13.0+cu113,1,9959,2380895
vit,adam,0.0005,16,0.2,100,100,0,1.0,1.12.0+cu113,0.13.0+cu113,1,9959,2390854
vit,adam,0.0001,16,0.2,100,100,0,1.0,1.12.0+cu113,0.13.0+cu113,1,9959,2400813
vit,adam,0.001,16,0.2,100,100,0,1.0,1.12.0+cu113,0.13.0+cu113,1,9959,2410772
vit,adam,0.01,16,0.2,100,100,0,1.0,1.12.0+cu113,0.13.0+cu113,1,9959,2420731
vit,ranger,0.0001,16,0.2,100,100,0,1.0,1.12.0+cu113,0.13.0+cu113,1,9959,2430690
vit,radam,0.0001,16,0.2,100,100,0,1.0,1.12.0+cu113,0.13.0+cu113,1,9959,2440649
vit,adam,0.0001,16,0.2,100,100,5,1.0,1.12.0+cu113,0.13.0+cu113,1,9959,2450608
vit,adam,0.01,16,0.2,100,100,5,1.0,1.12.0+cu113,0.13.0+cu113,1,9959,2460567
vit,adam,0.001,16,0.2,100,100,5,1.0,1.12.0+cu113,0.13.0+cu113,1,9959,2470526
vit,adam,0.0005,16,0.2,100,100,5,1.0,1.12.0+cu113,0.13.0+cu113,1,9959,2480485
vit,ranger,0.01,16,0.2,100,100,5,1.0,1.12.0+cu113,0.13.0+cu113,1,9959,2490444
vit,ranger,0.001,16,0.2,100,100,5,1.0,1.12.0+cu113,0.13.0+cu113,1,9959,2500403
vit,ranger,0.0001,16,0.2,100,100,5,1.0,1.12.0+cu113,0.13.0+cu113,1,9959,2510362
vit,ranger,0.0005,16,0.2,100,100,5,1.0,1.12.0+cu113,0.13.0+cu113,1,9959,2520321
vit,sgd,0.01,16,0.2,100,100,5,1.0,1.12.0+cu113,0.13.0+cu113,1,9959,2530280
vit,sgd,0.001,16,0.2,100,100,5,1.0,1.12.0+cu113,0.13.0+cu113,1,9959,2540239
vit,sgd,0.0001,16,0.2,100,100,5,1.0,1.12.0+cu113,0.13.0+cu113,1,9959,2550198
vit,sgd,0.0005,16,0.2,100,100,5,1.0,1.12.0+cu113,0.13.0+cu113,1,9959,2560157
vit,radam,0.01,16,0.2,100,100,5,1.0,1.12.0+cu113,0.13.0+cu113,1,9959,2570116
vit,radam,0.001,16,0.2,100,100,5,1.0,1.12.0+cu113,0.13.0+cu113,1,9959,2580075
vit,radam,0.0005,16,0.2,100,100,5,1.0,1.12.0+cu113,0.13.0+cu113,1,9959,2590034
vit,radam,0.0005,16,0.2,100,100,0,1.0,1.12.0+cu113,0.13.0+cu113,1,9959,2599993
vit,radam,0.0001,16,0.2,100,100,5,1.0,1.12.0+cu113,0.13.0+cu113,1,9959,2609952
